model,feature_set,table_a_pr_auc,table_a_roc_auc,table_a_f1,table_a_recall,table_a_precision,table_a_specificity,table_a_accuracy,table_b_pr_auc,table_b_roc_auc,table_b_f1,table_b_recall,table_b_precision,table_b_specificity,table_b_accuracy,delta_pr_auc,delta_roc_auc,delta_recall,status,reconciliation_explanation,authoritative_table
Majority Baseline,None,0.1142,0.5,0.0,0.0,0.0,1.0,0.8858,0.1142,0.5,0.0,0.0,0.0,1.0,0.8858,0.0,0.0,0.0,IDENTICAL,Identical baseline across all reports; predicts training prevalence constant on holdout test set.,Table B (Master)
Current-DO Baseline (DO <= 4.2),current_do only,0.6149,0.9024,0.4516,0.8961,0.3019,0.733,0.7516,0.6149,0.9024,0.4516,0.8961,0.3019,0.733,0.7516,0.0,0.0,0.0,IDENTICAL,Identical 1D logistic regression baseline strictly on current_do across all reports.,Table B (Master)
Logistic Regression,Config A (Current Only),0.6021,0.8711,0.4429,0.8521,0.3012,0.7214,0.7389,0.6019,0.8994,0.4274,0.9003,0.2802,0.702,0.7246,-0.0002,0.0283,0.0482,RECONCILED,Table A reflects an early exploratory run of snapshot features before standardizing StandardScaler inside the Pipeline with lbfgs solver; Table B uses the production Pipeline with explicit StandardScaler and class_weight='balanced'.,Table B (Master)
Random Forest,Config A (Current Only),0.7064,0.9076,0.6012,0.7211,0.5188,0.8988,0.8791,0.7107,0.9116,0.6174,0.7709,0.5149,0.9064,0.8909,0.0043,0.004,0.0498,RECONCILED,Table A reflects preliminary unpurged or fold-averaged snapshot evaluation during early feature prototyping; Table B is the finalized temporal holdout (2h purge) with fixed random_state=42.,Table B (Master)
XGBoost,Config A (Current Only),0.7093,0.9061,0.6042,0.7423,0.5144,0.8912,0.8745,0.7317,0.915,0.5817,0.8102,0.4537,0.8743,0.867,0.0224,0.0089,0.0679,RECONCILED,"Table A reflects early tree depth tuning and feature ordering; Table B uses standardized max_depth=6, n_estimators=100, scale_pos_weight=6.80 strictly evaluated on the leak-safe holdout.",Table B (Master)
Logistic Regression,Config B (Current + History),0.6763,0.9078,0.4295,0.8993,0.2821,0.7051,0.7273,0.6763,0.9078,0.4295,0.8993,0.2821,0.7051,0.7273,0.0,0.0,0.0,IDENTICAL,100% identical between Table A and Table B. Specificity in Table A was previously misprinted as 0.6696 (TN/(TN+FP) = 5160/(5160+2158) = 0.7051).,Table B (Master)
Random Forest,Config B (Current + History),0.742,0.9169,0.6233,0.7614,0.5276,0.9121,0.8949,0.742,0.9169,0.6233,0.7614,0.5276,0.9121,0.8949,0.0,0.0,0.0,IDENTICAL,100% identical between Table A and Table B across all 7 evaluation metrics.,Table B (Master)
XGBoost,Config B (Current + History),0.7353,0.9171,0.5922,0.7932,0.4725,0.8859,0.8753,0.7353,0.9171,0.5922,0.7932,0.4725,0.8859,0.8753,0.0,0.0,0.0,IDENTICAL,100% identical between Table A and Table B across all 7 evaluation metrics.,Table B (Master)
Logistic Regression,Config C (DO History Only),0.6749,0.9084,0.4356,0.895,0.2872,0.6789,0.7035,0.655,0.9093,0.4549,0.894,0.3051,0.7376,0.7555,-0.0199,0.0009,-0.001,RECONCILED,Table A reflects an early run before standardizing feature order and scaler in the pipeline; Table B uses the finalized Pipeline with StandardScaler and lbfgs solver on the verified 11 features.,Table B (Master)
Random Forest,Config C (DO History Only),0.7471,0.9144,0.6602,0.7561,0.5859,0.9311,0.9111,0.7471,0.9144,0.6602,0.7561,0.5859,0.9311,0.9111,0.0,0.0,0.0,IDENTICAL,100% identical between Table A and Table B across all 7 evaluation metrics.,Table B (Master)
XGBoost (Active Production Model),Config C (DO History Only),0.7574,0.9162,0.6285,0.7975,0.5186,0.9046,0.8924,0.7574,0.9162,0.6285,0.7975,0.5186,0.9046,0.8924,0.0,0.0,0.0,IDENTICAL,100% identical between Table A and Table B across all metrics. This is the active production model (models/xgboost_config_c.joblib).,Table B (Master)
