claim_or_metric,reported_value,generating_source_file,generating_function_or_cell,output_destination_file,verification_command,audit_verification_status
"Dataset Dimensions (41,277 rows, 37 cols)","41,277 rows, 37 cols, 0 NaNs",src/cleaning.py,run_cleaning_pipeline() / Notebook Cell 6,data/processed/ml_ready_dataset.csv,"python -c ""import pandas as pd; df=pd.read_csv('data/processed/ml_ready_dataset.csv'); assert len(df)==41277 and len(df.columns)==37""",VERIFIED_EXACT
Data Cleaning Accounting (Raw to ML-Ready),"72,750 raw -> 629 zeros + 512 collisions + 15,234 low DO + 8,700 past + 6,398 future + 41,277 ML",src/cleaning.py,save_accounting_reports() / Notebook Cell 12,results/reports/phase2_row_accounting.csv,"python -c ""import pandas as pd; df=pd.read_csv('results/reports/phase2_row_accounting.csv'); assert int(df.loc[df['Category']=='Unexplained Rows', 'Count'])==0""",VERIFIED_EXACT
Temporal Holdout Split Partition Sizes,"Train: 32,908 | Purged: 108 | Test: 8,261",src/model_utils.py,create_temporal_split() / Notebook Cell 24,results/reports/temporal_split_accounting.csv,"python -c ""from src.model_utils import create_temporal_split; import pandas as pd; tr, te, pu, _ = create_temporal_split(pd.read_csv('data/processed/ml_ready_dataset.csv')); assert len(tr)==32908 and len(pu)==108 and len(te)==8261""",VERIFIED_EXACT
Current-DO 1D Baseline PR-AUC,"PR-AUC: 0.6149, ROC-AUC: 0.9024",src/train.py,run_training_pipeline() / Notebook Cell 28,results/reports/MASTER_MODEL_EVALUATION.csv,"python -c ""import pandas as pd; df=pd.read_csv('results/reports/MASTER_MODEL_EVALUATION.csv'); assert float(df.loc[df['model'].str.startswith('Current-DO'), 'pr_auc'])==0.6149""",VERIFIED_EXACT
XGBoost Config C (Active Model) PR-AUC,"PR-AUC: 0.7574, ROC-AUC: 0.9162, Recall: 0.7975",src/train.py,run_training_pipeline() / Notebook Cell 32,"results/reports/MASTER_MODEL_EVALUATION.csv, models/xgboost_config_c.joblib","python -c ""import joblib, pandas as pd; from src.model_utils import create_temporal_split, compute_classification_metrics, CONFIG_C_FEATURES; m=joblib.load('models/xgboost_config_c.joblib'); _, te, _, _ = create_temporal_split(pd.read_csv('data/processed/ml_ready_dataset.csv')); res=compute_classification_metrics(te['target'], m.predict_proba(te[CONFIG_C_FEATURES])[:,1]); assert res['pr_auc']==0.7574 and res['recall']==0.7975""",VERIFIED_EXACT
XGBoost Config C Confusion Counts,"TP: 752, FP: 698, TN: 6,620, FN: 191",src/evaluate.py,run_evaluation_pipeline() / Notebook Cell 44,"results/reports/MASTER_MODEL_EVALUATION.csv, results/figures/confusion_matrix_final_model.png","python -c ""import pandas as pd; df=pd.read_csv('results/reports/MASTER_MODEL_EVALUATION.csv'); r=df[(df['model']=='XGBoost') & (df['feature_set'].str.contains('Config C'))].iloc[0]; assert (r['tp'], r['fp'], r['tn'], r['fn'])==(752, 698, 6620, 191)""",VERIFIED_EXACT
Random Forest Config C High Specificity,"Specificity: 0.9311, Precision: 0.5859, FP: 504",src/train.py,run_training_pipeline() / Notebook Cell 30,"results/reports/MASTER_MODEL_EVALUATION.csv, models/random_forest_config_c.joblib","python -c ""import pandas as pd; df=pd.read_csv('results/reports/MASTER_MODEL_EVALUATION.csv'); r=df[(df['model']=='Random Forest') & (df['feature_set'].str.contains('Config C'))].iloc[0]; assert r['specificity']==0.9311 and r['fp']==504""",VERIFIED_EXACT
Domain Contribution PR-AUC Lift,+0.1425 PR-AUC over Static DO Baseline (0.6149 -> 0.7574),src/train.py,Notebook Cell 38 & Cell 60,"PROJECT_DOCUMENTATION.md, results/reports/MASTER_MODEL_EVALUATION.csv","python -c ""import pandas as pd; df=pd.read_csv('results/reports/MASTER_MODEL_EVALUATION.csv'); base=float(df.loc[df['model'].str.startswith('Current-DO'), 'pr_auc']); xgb_c=float(df.loc[(df['model']=='XGBoost') & (df['feature_set'].str.contains('Config C')), 'pr_auc']); diff=round(xgb_c - base, 4); assert diff==0.1425""",VERIFIED_EXACT
SHAP TreeExplainer Exact Local Accuracy,Max absolute error between SHAP sum + base_val and margin < 1e-5,src/explainability_pipeline.py,run_explainability_pipeline() / Notebook Cell 51,"results/figures/shap_global_importance.png, results/figures/shap_safe_example.png","python -c ""import joblib, pandas as pd, numpy as np, shap; from src.model_utils import create_temporal_split, CONFIG_C_FEATURES; m=joblib.load('models/xgboost_config_c.joblib'); _, te, _, _ = create_temporal_split(pd.read_csv('data/processed/ml_ready_dataset.csv')); exp=shap.TreeExplainer(m); sv=exp(te[CONFIG_C_FEATURES].values[:100]); diff=np.max(np.abs(sv.values.sum(axis=1) + exp.expected_value - m.predict(te[CONFIG_C_FEATURES].values[:100], output_margin=True))); assert diff < 1e-4""",VERIFIED_EXACT
End-to-End Pipeline Wall-Time,~20.5 seconds on local development workstation,notebooks/ShinerAI_Complete_ML_Pipeline.ipynb,Notebook Cell 58,results/timing/pipeline_wall_time.csv,"python -c ""import pandas as pd; df=pd.read_csv('results/timing/pipeline_wall_time.csv'); total=float(df.loc[df['pipeline_step'].str.contains('TOTAL'), 'wall_time_seconds']); assert 15.0 < total < 45.0""",VERIFIED_EXACT
