episode_id,pond_id,start_time,end_time,interval_count,existing_assumed_crossing,first_physical_crossing,first_physical_do,existing_detected,existing_lead_time,detected_before_physical_onset,true_lead_time_minutes,first_pre_alert_time
ara2_0677080b_ep_001,ara2_0677080b,2026-01-26 02:45:00,2026-01-26 04:30:00,8,2026-01-26 04:45:00,2026-01-26 04:45:00,2.96,1,105.0,1,105.0,2026-01-26 03:00:00
ara2_0677080b_ep_002,ara2_0677080b,2026-01-27 04:45:00,2026-01-27 06:30:00,8,2026-01-27 06:45:00,2026-01-27 06:45:00,2.99,1,120.0,1,120.0,2026-01-27 04:45:00
ara2_0677080b_ep_003,ara2_0677080b,2026-01-28 02:45:00,2026-01-28 04:30:00,8,2026-01-28 04:45:00,2026-01-28 04:45:00,2.91,1,120.0,1,120.0,2026-01-28 02:45:00
ara2_0677080b_ep_004,ara2_0677080b,2026-01-29 01:15:00,2026-01-29 03:00:00,8,2026-01-29 03:15:00,2026-01-29 03:15:00,2.98,1,120.0,1,120.0,2026-01-29 01:15:00
ara2_0677080b_ep_005,ara2_0677080b,2026-01-30 00:15:00,2026-01-30 02:00:00,8,2026-01-30 02:15:00,2026-01-30 02:15:00,2.68,1,120.0,1,120.0,2026-01-30 00:15:00
ara2_0677080b_ep_006,ara2_0677080b,2026-01-30 10:15:00,2026-01-30 11:00:00,4,2026-01-30 11:15:00,2026-01-30 11:15:00,2.58,1,60.0,1,60.0,2026-01-30 10:15:00
ara2_0f143c64_ep_007,ara2_0f143c64,2026-01-24 21:45:00,2026-01-24 22:00:00,2,2026-01-24 22:15:00,2026-01-24 22:15:00,1.52,0,0.0,0,0.0,
ara2_148f1633_ep_008,ara2_148f1633,2026-01-26 01:00:09,2026-01-26 02:45:09,8,2026-01-26 03:00:09,2026-01-26 03:00:09,2.93,1,120.0,1,120.0,2026-01-26 01:00:09
ara2_148f1633_ep_009,ara2_148f1633,2026-01-27 03:00:09,2026-01-27 04:45:10,8,2026-01-27 05:00:10,2026-01-27 05:00:10,2.96,1,120.01666666666667,1,105.01666666666667,2026-01-27 03:15:09
ara2_148f1633_ep_010,ara2_148f1633,2026-01-28 03:00:10,2026-01-28 04:45:10,8,2026-01-28 05:00:10,2026-01-28 05:00:10,2.93,1,120.0,1,120.0,2026-01-28 03:00:10
ara2_148f1633_ep_011,ara2_148f1633,2026-01-29 02:15:10,2026-01-29 04:00:11,8,2026-01-29 04:15:11,2026-01-29 04:15:11,2.85,1,120.01666666666667,1,105.01666666666667,2026-01-29 02:30:10
ara2_148f1633_ep_012,ara2_148f1633,2026-01-30 00:30:11,2026-01-30 02:15:11,8,2026-01-30 02:30:11,2026-01-30 02:30:11,2.96,1,120.0,1,120.0,2026-01-30 00:30:11
ara2_148f1633_ep_013,ara2_148f1633,2026-01-30 09:45:11,2026-01-30 11:00:11,5,2026-01-30 11:15:11,2026-01-30 10:45:11,2.98,1,90.0,1,60.0,2026-01-30 09:45:11
ara2_176528d3_ep_014,ara2_176528d3,2026-01-22 15:15:00,2026-01-22 17:00:00,8,2026-01-22 17:15:00,2026-01-22 17:15:00,2.74,0,0.0,0,0.0,
ara2_176528d3_ep_015,ara2_176528d3,2026-01-25 01:30:00,2026-01-25 03:15:00,8,2026-01-25 03:30:00,2026-01-25 03:30:00,2.97,1,120.0,1,120.0,2026-01-25 01:30:00
ara2_176528d3_ep_016,ara2_176528d3,2026-01-25 09:30:00,2026-01-25 11:15:00,8,2026-01-25 11:30:00,2026-01-25 11:30:00,1.46,1,120.0,1,120.0,2026-01-25 09:30:00
ara2_176528d3_ep_017,ara2_176528d3,2026-01-26 09:00:00,2026-01-26 10:00:00,5,2026-01-26 10:15:00,2026-01-26 10:15:00,2.28,1,75.0,1,75.0,2026-01-26 09:00:00
ara2_176528d3_ep_018,ara2_176528d3,2026-01-27 02:30:00,2026-01-27 03:45:00,6,2026-01-27 04:00:00,2026-01-27 04:00:00,2.75,1,60.0,1,60.0,2026-01-27 03:00:00
ara2_176528d3_ep_019,ara2_176528d3,2026-01-27 12:45:00,2026-01-27 14:30:00,8,2026-01-27 14:45:00,2026-01-27 14:45:00,1.86,0,0.0,0,0.0,
ara2_176528d3_ep_020,ara2_176528d3,2026-01-28 07:30:00,2026-01-28 08:45:00,6,2026-01-28 09:00:00,2026-01-28 09:00:00,2.77,1,90.0,1,90.0,2026-01-28 07:30:00
ara2_176528d3_ep_021,ara2_176528d3,2026-01-29 02:15:00,2026-01-29 06:15:00,16,2026-01-29 06:30:00,2026-01-29 04:15:00,1.6,1,105.0,0,0.0,
ara2_176528d3_ep_022,ara2_176528d3,2026-01-29 09:00:00,2026-01-29 09:00:00,1,2026-01-29 09:15:00,2026-01-29 09:15:00,2.7,1,15.0,1,15.0,2026-01-29 09:00:00
ara2_176528d3_ep_023,ara2_176528d3,2026-01-30 03:15:00,2026-01-30 05:00:00,8,2026-01-30 05:15:00,2026-01-30 05:15:00,2.73,1,120.0,1,120.0,2026-01-30 03:15:00
ara2_29660d32_ep_024,ara2_29660d32,2026-01-21 01:00:00,2026-01-21 02:45:00,8,2026-01-21 03:00:00,2026-01-21 03:00:00,2.69,1,120.0,1,120.0,2026-01-21 01:00:00
ara2_29660d32_ep_025,ara2_29660d32,2026-01-22 01:15:00,2026-01-22 03:00:00,8,2026-01-22 03:15:00,2026-01-22 03:15:00,2.83,1,120.0,1,120.0,2026-01-22 01:15:00
ara2_29660d32_ep_026,ara2_29660d32,2026-01-23 01:45:00,2026-01-23 01:45:00,1,2026-01-23 02:00:00,2026-01-23 02:00:00,2.97,1,15.0,1,15.0,2026-01-23 01:45:00
ara2_29660d32_ep_027,ara2_29660d32,2026-01-24 01:30:00,2026-01-24 02:45:00,6,2026-01-24 03:00:00,2026-01-24 03:00:00,2.72,1,90.0,1,90.0,2026-01-24 01:30:00
ara2_29660d32_ep_028,ara2_29660d32,2026-01-25 01:30:00,2026-01-25 03:15:00,8,2026-01-25 03:30:00,2026-01-25 03:30:00,2.94,1,120.0,1,120.0,2026-01-25 01:30:00
ara2_29660d32_ep_029,ara2_29660d32,2026-01-26 02:30:00,2026-01-26 04:15:00,8,2026-01-26 04:30:00,2026-01-26 04:30:00,2.82,1,120.0,1,120.0,2026-01-26 02:30:00
ara2_29660d32_ep_030,ara2_29660d32,2026-01-26 23:45:00,2026-01-27 03:30:00,14,2026-01-27 03:45:00,2026-01-27 01:45:00,2.96,1,240.0,1,120.0,2026-01-26 23:45:00
ara2_29660d32_ep_031,ara2_29660d32,2026-01-27 04:15:00,2026-01-27 05:00:00,4,2026-01-27 05:15:00,2026-01-27 05:15:00,2.79,1,60.0,1,120.0,2026-01-27 03:15:00
ara2_29660d32_ep_032,ara2_29660d32,2026-01-28 03:45:00,2026-01-28 05:30:00,8,2026-01-28 05:45:00,2026-01-28 05:45:00,2.95,1,120.0,1,120.0,2026-01-28 03:45:00
ara2_29660d32_ep_033,ara2_29660d32,2026-01-29 03:15:00,2026-01-29 05:45:00,10,2026-01-29 06:00:00,2026-01-29 05:15:00,2.95,1,165.0,1,120.0,2026-01-29 03:15:00
ara2_29660d32_ep_034,ara2_29660d32,2026-01-30 02:00:00,2026-01-30 03:45:00,8,2026-01-30 04:00:00,2026-01-30 04:00:00,2.89,1,120.0,1,120.0,2026-01-30 02:00:00
ara2_3eab831e_ep_035,ara2_3eab831e,2026-01-21 23:45:33,2026-01-22 01:15:33,7,2026-01-22 01:30:33,2026-01-22 01:30:33,2.97,1,105.0,1,105.0,2026-01-21 23:45:33
ara2_3eab831e_ep_036,ara2_3eab831e,2026-01-22 23:15:33,2026-01-23 03:00:33,15,2026-01-23 03:15:33,2026-01-23 01:15:33,1.85,1,180.0,1,60.0,2026-01-23 00:15:33
ara2_3eab831e_ep_037,ara2_3eab831e,2026-01-24 01:45:33,2026-01-24 03:30:34,8,2026-01-24 03:45:34,2026-01-24 03:45:34,2.54,1,90.0,1,90.0,2026-01-24 02:15:34
ara2_3eab831e_ep_038,ara2_3eab831e,2026-01-24 08:45:34,2026-01-24 09:15:34,3,2026-01-24 09:30:34,2026-01-24 09:30:34,2.93,1,45.0,1,45.0,2026-01-24 08:45:34
ara2_3eab831e_ep_039,ara2_3eab831e,2026-01-25 00:00:34,2026-01-25 01:45:34,8,2026-01-25 02:00:34,2026-01-25 02:00:34,2.96,1,120.0,1,120.0,2026-01-25 00:00:34
ara2_3eab831e_ep_040,ara2_3eab831e,2026-01-25 09:15:35,2026-01-25 09:15:35,1,2026-01-25 09:30:35,2026-01-25 09:30:35,2.62,1,15.0,1,15.0,2026-01-25 09:15:35
ara2_3eab831e_ep_041,ara2_3eab831e,2026-01-25 10:00:35,2026-01-25 10:15:35,2,2026-01-25 10:30:35,2026-01-25 10:30:35,2.7,0,0.0,1,75.0,2026-01-25 09:15:35
ara2_3eab831e_ep_042,ara2_3eab831e,2026-01-26 03:00:35,2026-01-26 04:45:35,8,2026-01-26 05:00:35,2026-01-26 05:00:35,2.9,1,120.0,1,120.0,2026-01-26 03:00:35
ara2_3eab831e_ep_043,ara2_3eab831e,2026-01-29 05:15:38,2026-01-29 07:00:38,8,2026-01-29 07:15:38,2026-01-29 07:15:38,2.86,1,120.0,1,120.0,2026-01-29 05:15:38
ara2_3eab831e_ep_044,ara2_3eab831e,2026-01-29 22:45:38,2026-01-30 00:30:38,8,2026-01-30 00:45:38,2026-01-30 00:45:38,2.76,1,120.0,1,120.0,2026-01-29 22:45:38
ara2_3ed4df8e_ep_045,ara2_3ed4df8e,2026-01-23 22:15:00,2026-01-24 00:00:00,8,2026-01-24 00:15:00,2026-01-24 00:15:00,2.89,1,120.0,1,120.0,2026-01-23 22:15:00
ara2_3ed4df8e_ep_046,ara2_3ed4df8e,2026-01-25 02:45:00,2026-01-25 04:30:00,8,2026-01-25 04:45:00,2026-01-25 04:45:00,2.82,1,120.0,1,120.0,2026-01-25 02:45:00
ara2_3ed4df8e_ep_047,ara2_3ed4df8e,2026-01-27 08:45:00,2026-01-27 10:30:00,8,2026-01-27 10:45:00,2026-01-27 10:45:00,1.19,1,105.0,1,105.0,2026-01-27 09:00:00
ara2_3ed4df8e_ep_048,ara2_3ed4df8e,2026-01-28 03:00:00,2026-01-28 04:45:00,8,2026-01-28 05:00:00,2026-01-28 05:00:00,2.92,1,120.0,1,120.0,2026-01-28 03:00:00
ara2_3ed4df8e_ep_049,ara2_3ed4df8e,2026-01-29 03:45:00,2026-01-29 05:30:00,8,2026-01-29 05:45:00,2026-01-29 05:45:00,2.93,1,120.0,1,120.0,2026-01-29 03:45:00
ara2_3ed4df8e_ep_050,ara2_3ed4df8e,2026-01-30 02:00:00,2026-01-30 03:30:00,7,2026-01-30 03:45:00,2026-01-30 03:45:00,2.87,1,105.0,1,105.0,2026-01-30 02:00:00
ara2_45e1cde5_ep_051,ara2_45e1cde5,2026-01-22 02:30:00,2026-01-22 03:15:00,4,2026-01-22 03:30:00,2026-01-22 03:30:00,2.46,1,60.0,1,60.0,2026-01-22 02:30:00
ara2_45e1cde5_ep_052,ara2_45e1cde5,2026-01-23 02:15:00,2026-01-23 02:30:00,2,2026-01-23 02:45:00,2026-01-23 02:45:00,2.63,1,30.0,1,30.0,2026-01-23 02:15:00
ara2_45e1cde5_ep_053,ara2_45e1cde5,2026-01-24 15:00:00,2026-01-24 16:45:00,8,2026-01-24 17:00:00,2026-01-24 17:00:00,1.53,0,0.0,0,0.0,
ara2_45e1cde5_ep_054,ara2_45e1cde5,2026-01-29 06:00:00,2026-01-29 06:15:00,2,2026-01-29 06:30:00,2026-01-29 06:30:00,2.86,1,30.0,1,30.0,2026-01-29 06:00:00
ara2_45e1cde5_ep_055,ara2_45e1cde5,2026-01-30 03:15:00,2026-01-30 05:00:00,8,2026-01-30 05:15:00,2026-01-30 05:15:00,2.96,1,120.0,1,120.0,2026-01-30 03:15:00
ara2_4f79fc8d_ep_056,ara2_4f79fc8d,2026-01-22 00:30:00,2026-01-22 03:15:00,11,2026-01-22 03:30:00,2026-01-22 02:30:00,2.21,1,180.0,1,120.0,2026-01-22 00:30:00
ara2_4f79fc8d_ep_057,ara2_4f79fc8d,2026-01-24 03:30:00,2026-01-24 05:45:00,9,2026-01-24 06:00:00,2026-01-24 05:30:00,2.97,1,150.0,1,120.0,2026-01-24 03:30:00
ara2_4f79fc8d_ep_058,ara2_4f79fc8d,2026-01-25 05:00:00,2026-01-25 06:45:00,8,2026-01-25 07:00:00,2026-01-25 07:00:00,2.93,1,120.0,1,120.0,2026-01-25 05:00:00
ara2_4f79fc8d_ep_059,ara2_4f79fc8d,2026-01-27 03:30:00,2026-01-27 05:15:00,8,2026-01-27 05:30:00,2026-01-27 05:30:00,2.89,1,120.0,1,120.0,2026-01-27 03:30:00
ara2_4f79fc8d_ep_060,ara2_4f79fc8d,2026-01-28 09:15:00,2026-01-28 10:00:00,3,2026-01-28 10:15:00,2026-01-28 09:45:00,2.84,1,60.0,1,30.0,2026-01-28 09:15:00
ara2_4f79fc8d_ep_061,ara2_4f79fc8d,2026-01-29 23:30:00,2026-01-30 01:45:00,9,2026-01-30 02:00:00,2026-01-30 01:30:00,2.94,1,150.0,1,120.0,2026-01-29 23:30:00
ara2_573a2826_ep_062,ara2_573a2826,2026-01-23 00:00:00,2026-01-23 01:15:00,6,2026-01-23 01:30:00,2026-01-23 01:30:00,2.08,1,90.0,1,90.0,2026-01-23 00:00:00
ara2_573a2826_ep_063,ara2_573a2826,2026-01-23 17:15:00,2026-01-23 19:00:00,8,2026-01-23 19:15:00,2026-01-23 19:15:00,2.45,0,0.0,0,0.0,
ara2_573a2826_ep_064,ara2_573a2826,2026-01-23 22:15:00,2026-01-24 00:00:00,8,2026-01-24 00:15:00,2026-01-24 00:15:00,2.54,1,120.0,1,120.0,2026-01-23 22:15:00
ara2_573a2826_ep_065,ara2_573a2826,2026-01-24 01:30:00,2026-01-24 03:15:00,8,2026-01-24 03:30:00,2026-01-24 03:30:00,2.35,1,120.0,1,120.0,2026-01-24 01:30:00
ara2_573a2826_ep_066,ara2_573a2826,2026-01-24 13:00:00,2026-01-24 14:45:00,8,2026-01-24 15:00:00,2026-01-24 15:00:00,1.97,0,0.0,0,0.0,
ara2_573a2826_ep_067,ara2_573a2826,2026-01-25 01:30:00,2026-01-25 03:15:00,8,2026-01-25 03:30:00,2026-01-25 03:30:00,1.32,1,120.0,1,120.0,2026-01-25 01:30:00
ara2_573a2826_ep_068,ara2_573a2826,2026-01-25 04:15:00,2026-01-25 04:30:00,2,2026-01-25 04:45:00,2026-01-25 04:45:00,2.88,1,30.0,1,120.0,2026-01-25 02:45:00
ara2_573a2826_ep_069,ara2_573a2826,2026-01-25 22:45:00,2026-01-26 00:30:00,8,2026-01-26 00:45:00,2026-01-26 00:45:00,2.01,1,30.0,1,30.0,2026-01-26 00:15:00
ara2_573a2826_ep_070,ara2_573a2826,2026-01-26 01:30:00,2026-01-26 03:15:00,8,2026-01-26 03:30:00,2026-01-26 03:30:00,2.93,1,120.0,1,120.0,2026-01-26 01:30:00
ara2_573a2826_ep_071,ara2_573a2826,2026-01-26 23:45:00,2026-01-27 01:30:00,8,2026-01-27 01:45:00,2026-01-27 01:45:00,1.1,1,60.0,1,60.0,2026-01-27 00:45:00
ara2_573a2826_ep_072,ara2_573a2826,2026-01-29 06:00:00,2026-01-29 06:30:00,3,2026-01-29 06:45:00,2026-01-29 06:45:00,2.97,1,45.0,1,45.0,2026-01-29 06:00:00
ara2_573a2826_ep_073,ara2_573a2826,2026-01-29 07:45:00,2026-01-29 07:45:00,1,2026-01-29 08:00:00,2026-01-29 08:00:00,2.85,1,15.0,1,120.0,2026-01-29 06:00:00
ara2_573a2826_ep_074,ara2_573a2826,2026-01-29 23:30:00,2026-01-30 02:45:00,13,2026-01-30 03:00:00,2026-01-30 01:30:00,2.16,1,180.0,1,90.0,2026-01-30 00:00:00
ara2_573a2826_ep_075,ara2_573a2826,2026-01-30 21:15:00,2026-01-30 23:00:00,8,2026-01-30 23:15:00,2026-01-30 23:15:00,1.62,1,120.0,1,120.0,2026-01-30 21:15:00
ara2_6ca69422_ep_076,ara2_6ca69422,2026-01-28 04:15:00,2026-01-28 06:00:00,8,2026-01-28 06:15:00,2026-01-28 06:15:00,2.93,1,120.0,1,120.0,2026-01-28 04:15:00
ara2_6ca69422_ep_077,ara2_6ca69422,2026-01-28 08:00:00,2026-01-28 08:00:00,1,2026-01-28 08:15:00,2026-01-28 08:15:00,2.68,1,15.0,1,15.0,2026-01-28 08:00:00
ara2_6ca69422_ep_078,ara2_6ca69422,2026-01-30 04:00:00,2026-01-30 05:45:00,8,2026-01-30 06:00:00,2026-01-30 06:00:00,2.95,1,120.0,1,120.0,2026-01-30 04:00:00
ara2_858b914c_ep_079,ara2_858b914c,2025-12-19 06:00:07,2025-12-19 06:45:07,4,2025-12-19 07:00:07,2025-12-19 07:00:07,2.89,1,60.0,1,60.0,2025-12-19 06:00:07
ara2_858b914c_ep_080,ara2_858b914c,2025-12-20 03:15:08,2025-12-20 05:45:08,10,2025-12-20 06:00:08,2025-12-20 05:15:08,2.89,1,165.0,1,120.0,2025-12-20 03:15:08
ara2_858b914c_ep_081,ara2_858b914c,2025-12-20 07:00:08,2025-12-20 08:15:08,5,2025-12-20 08:30:08,2025-12-20 07:15:08,1.28,1,90.0,1,105.01666666666667,2025-12-20 05:30:07
ara2_858b914c_ep_082,ara2_858b914c,2025-12-20 23:45:08,2025-12-21 05:15:08,21,2025-12-21 05:30:08,2025-12-21 01:45:08,2.96,1,345.0,1,120.0,2025-12-20 23:45:08
ara2_858b914c_ep_083,ara2_858b914c,2025-12-23 01:00:09,2025-12-23 02:45:09,8,2025-12-23 03:00:09,2025-12-23 03:00:09,2.75,0,0.0,0,0.0,
ara2_858b914c_ep_084,ara2_858b914c,2025-12-24 05:15:09,2025-12-24 08:00:09,11,2025-12-24 08:15:09,2025-12-24 07:15:09,2.85,1,180.0,1,120.0,2025-12-24 05:15:09
ara2_b3d128ac_ep_085,ara2_b3d128ac,2026-01-22 04:15:00,2026-01-22 05:00:00,4,2026-01-22 05:15:00,2026-01-22 05:15:00,2.96,1,60.0,1,60.0,2026-01-22 04:15:00
ara2_b3d128ac_ep_086,ara2_b3d128ac,2026-01-23 02:15:00,2026-01-23 04:00:00,8,2026-01-23 04:15:00,2026-01-23 04:15:00,2.85,1,120.0,1,120.0,2026-01-23 02:15:00
ara2_b3d128ac_ep_087,ara2_b3d128ac,2026-01-24 04:00:00,2026-01-24 04:15:00,2,2026-01-24 04:30:00,2026-01-24 04:30:00,2.98,1,30.0,1,30.0,2026-01-24 04:00:00
ara2_b3d128ac_ep_088,ara2_b3d128ac,2026-01-25 00:45:00,2026-01-25 02:30:00,8,2026-01-25 02:45:00,2026-01-25 02:45:00,2.88,1,120.0,1,120.0,2026-01-25 00:45:00
ara2_b3d128ac_ep_089,ara2_b3d128ac,2026-01-26 00:00:00,2026-01-26 01:45:00,8,2026-01-26 02:00:00,2026-01-26 02:00:00,2.97,1,120.0,1,120.0,2026-01-26 00:00:00
ara2_b3d128ac_ep_090,ara2_b3d128ac,2026-01-26 21:00:00,2026-01-26 22:45:00,8,2026-01-26 23:00:00,2026-01-26 23:00:00,2.98,1,120.0,1,120.0,2026-01-26 21:00:00
ara2_b3d128ac_ep_091,ara2_b3d128ac,2026-01-28 00:30:00,2026-01-28 02:15:00,8,2026-01-28 02:30:00,2026-01-28 02:30:00,2.74,1,120.0,1,120.0,2026-01-28 00:30:00
ara2_b3d128ac_ep_092,ara2_b3d128ac,2026-01-28 22:00:00,2026-01-28 23:45:00,8,2026-01-29 00:00:00,2026-01-29 00:00:00,2.98,1,120.0,1,120.0,2026-01-28 22:00:00
ara2_b3d128ac_ep_093,ara2_b3d128ac,2026-01-29 09:30:00,2026-01-29 09:30:00,1,2026-01-29 09:45:00,2026-01-29 09:45:00,2.96,1,15.0,1,15.0,2026-01-29 09:30:00
ara2_b3d128ac_ep_094,ara2_b3d128ac,2026-01-30 01:00:00,2026-01-30 02:45:00,8,2026-01-30 03:00:00,2026-01-30 03:00:00,2.95,1,120.0,1,120.0,2026-01-30 01:00:00
ara2_c9cdacda_ep_095,ara2_c9cdacda,2026-01-22 01:00:20,2026-01-22 03:45:19,11,2026-01-22 04:00:19,2026-01-22 03:00:19,1.59,1,179.98333333333332,1,119.98333333333333,2026-01-22 01:00:20
ara2_c9cdacda_ep_096,ara2_c9cdacda,2026-01-22 23:30:20,2026-01-23 03:00:20,12,2026-01-23 03:15:20,2026-01-23 01:30:20,2.88,1,225.0,1,120.0,2026-01-22 23:30:20
ara2_c9cdacda_ep_097,ara2_c9cdacda,2026-01-24 05:00:21,2026-01-24 06:45:21,8,2026-01-24 07:00:21,2026-01-24 07:00:21,2.79,1,120.0,1,120.0,2026-01-24 05:00:21
ara2_c9cdacda_ep_098,ara2_c9cdacda,2026-01-25 05:00:21,2026-01-25 06:45:21,8,2026-01-25 07:00:21,2026-01-25 07:00:21,2.9,1,120.0,1,120.0,2026-01-25 05:00:21
ara2_c9cdacda_ep_099,ara2_c9cdacda,2026-01-25 09:00:21,2026-01-25 09:00:21,1,2026-01-25 09:15:21,2026-01-25 09:15:21,2.77,1,15.0,1,15.0,2026-01-25 09:00:21
ara2_c9cdacda_ep_100,ara2_c9cdacda,2026-01-25 23:15:21,2026-01-26 04:00:21,17,2026-01-26 04:15:21,2026-01-26 01:15:21,2.13,1,300.0,1,120.0,2026-01-25 23:15:21
ara2_c9cdacda_ep_101,ara2_c9cdacda,2026-01-26 22:15:22,2026-01-27 01:15:22,12,2026-01-27 01:30:22,2026-01-27 00:15:22,2.1,1,195.0,1,120.0,2026-01-26 22:15:22
ara2_c9cdacda_ep_102,ara2_c9cdacda,2026-01-27 02:00:22,2026-01-27 02:00:22,1,2026-01-27 02:15:22,2026-01-27 02:15:22,2.62,1,15.0,1,105.0,2026-01-27 00:30:22
ara2_c9cdacda_ep_103,ara2_c9cdacda,2026-01-27 05:15:22,2026-01-27 05:15:22,1,2026-01-27 05:30:22,2026-01-27 05:30:22,2.79,1,15.0,1,15.0,2026-01-27 05:15:22
ara2_c9cdacda_ep_104,ara2_c9cdacda,2026-01-28 01:00:22,2026-01-28 02:45:22,8,2026-01-28 03:00:22,2026-01-28 03:00:22,2.2,1,120.0,1,120.0,2026-01-28 01:00:22
ara2_c9cdacda_ep_105,ara2_c9cdacda,2026-01-29 03:45:22,2026-01-29 05:30:23,8,2026-01-29 05:45:23,2026-01-29 05:45:23,2.98,1,120.01666666666667,1,105.01666666666667,2026-01-29 04:00:22
ara2_c9cdacda_ep_106,ara2_c9cdacda,2026-01-30 02:45:23,2026-01-30 04:30:23,8,2026-01-30 04:45:23,2026-01-30 04:45:23,2.86,1,120.0,1,120.0,2026-01-30 02:45:23
ara2_c9cdacda_ep_107,ara2_c9cdacda,2026-01-30 09:15:23,2026-01-30 10:45:23,7,2026-01-30 11:00:23,2026-01-30 11:00:23,2.18,1,105.0,1,105.0,2026-01-30 09:15:23
ara2_ca187575_ep_108,ara2_ca187575,2026-01-13 12:30:00,2026-01-13 14:15:00,8,2026-01-13 14:30:00,2026-01-13 14:30:00,1.28,0,0.0,0,0.0,
ara2_ca187575_ep_109,ara2_ca187575,2026-01-13 22:00:00,2026-01-13 23:45:00,8,2026-01-14 00:00:00,2026-01-14 00:00:00,2.54,0,0.0,0,0.0,
ara2_ca187575_ep_110,ara2_ca187575,2026-01-15 04:15:00,2026-01-15 06:00:00,8,2026-01-15 06:15:00,2026-01-15 06:15:00,1.87,1,90.0,1,90.0,2026-01-15 04:45:00
ara2_ca187575_ep_111,ara2_ca187575,2026-01-15 06:45:00,2026-01-15 06:45:00,1,2026-01-15 07:00:00,2026-01-15 07:00:00,2.65,1,15.0,1,90.0,2026-01-15 05:30:00
ara2_ca187575_ep_112,ara2_ca187575,2026-01-15 23:30:00,2026-01-15 23:45:00,2,2026-01-16 00:00:00,2026-01-16 00:00:00,1.9,0,0.0,0,0.0,
ara2_ca187575_ep_113,ara2_ca187575,2026-01-16 03:45:00,2026-01-16 05:30:00,8,2026-01-16 05:45:00,2026-01-16 05:45:00,1.43,0,0.0,0,0.0,
ara2_ca187575_ep_114,ara2_ca187575,2026-01-16 06:15:00,2026-01-16 08:00:00,8,2026-01-16 08:15:00,2026-01-16 08:15:00,0.46,1,75.0,1,75.0,2026-01-16 07:00:00
ara2_ca187575_ep_115,ara2_ca187575,2026-01-17 02:00:00,2026-01-17 05:15:00,13,2026-01-17 05:30:00,2026-01-17 04:00:00,2.25,1,150.0,1,60.0,2026-01-17 03:00:00
ara2_ca187575_ep_116,ara2_ca187575,2026-01-17 06:15:00,2026-01-17 07:15:00,5,2026-01-17 07:30:00,2026-01-17 07:30:00,2.98,1,75.0,1,75.0,2026-01-17 06:15:00
ara2_ca187575_ep_117,ara2_ca187575,2026-01-17 22:15:00,2026-01-18 00:00:00,8,2026-01-18 00:15:00,2026-01-18 00:15:00,0.83,1,120.0,1,120.0,2026-01-17 22:15:00
ara2_ca187575_ep_118,ara2_ca187575,2026-01-19 05:00:00,2026-01-19 05:45:00,4,2026-01-19 06:00:00,2026-01-19 06:00:00,2.87,1,60.0,1,60.0,2026-01-19 05:00:00
ara2_ca187575_ep_119,ara2_ca187575,2026-01-20 02:30:00,2026-01-20 03:15:00,4,2026-01-20 03:30:00,2026-01-20 03:30:00,2.62,1,60.0,1,60.0,2026-01-20 02:30:00
ara2_ca187575_ep_120,ara2_ca187575,2026-01-21 02:00:00,2026-01-21 02:00:00,1,2026-01-21 02:15:00,2026-01-21 02:15:00,2.7,1,15.0,1,15.0,2026-01-21 02:00:00
ara2_ca187575_ep_121,ara2_ca187575,2026-01-22 01:00:00,2026-01-22 02:45:00,8,2026-01-22 03:00:00,2026-01-22 03:00:00,2.87,1,120.0,1,120.0,2026-01-22 01:00:00
ara2_ca187575_ep_122,ara2_ca187575,2026-01-22 09:00:00,2026-01-22 09:45:00,4,2026-01-22 10:00:00,2026-01-22 10:00:00,0.65,1,60.0,1,60.0,2026-01-22 09:00:00
ara2_d52ddb31_ep_123,ara2_d52ddb31,2026-01-20 05:15:00,2026-01-20 07:00:00,8,2026-01-20 07:15:00,2026-01-20 07:15:00,2.84,1,120.0,1,120.0,2026-01-20 05:15:00
ara2_d52ddb31_ep_124,ara2_d52ddb31,2026-01-20 22:45:00,2026-01-21 00:30:00,8,2026-01-21 00:45:00,2026-01-21 00:45:00,2.89,1,90.0,1,90.0,2026-01-20 23:15:00
ara2_d52ddb31_ep_125,ara2_d52ddb31,2026-01-21 23:45:00,2026-01-22 00:45:00,5,2026-01-22 01:00:00,2026-01-22 01:00:00,2.76,1,75.0,1,75.0,2026-01-21 23:45:00
ara2_d52ddb31_ep_126,ara2_d52ddb31,2026-01-22 21:15:00,2026-01-22 23:00:00,8,2026-01-22 23:15:00,2026-01-22 23:15:00,2.84,1,90.0,1,90.0,2026-01-22 21:45:00
ara2_d52ddb31_ep_127,ara2_d52ddb31,2026-01-24 02:30:00,2026-01-24 04:15:00,8,2026-01-24 04:30:00,2026-01-24 04:30:00,2.41,1,45.0,1,45.0,2026-01-24 03:45:00
ara2_d52ddb31_ep_128,ara2_d52ddb31,2026-01-24 05:00:00,2026-01-24 06:30:00,7,2026-01-24 06:45:00,2026-01-24 06:45:00,2.89,1,105.0,1,105.0,2026-01-24 05:00:00
ara2_d52ddb31_ep_129,ara2_d52ddb31,2026-01-24 08:30:00,2026-01-24 09:00:00,2,2026-01-24 09:15:00,2026-01-24 08:45:00,2.91,1,45.0,1,15.0,2026-01-24 08:30:00
ara2_d52ddb31_ep_130,ara2_d52ddb31,2026-01-25 09:30:00,2026-01-25 09:30:00,1,2026-01-25 09:45:00,2026-01-25 09:45:00,2.28,1,15.0,1,15.0,2026-01-25 09:30:00
ara2_d52ddb31_ep_131,ara2_d52ddb31,2026-01-26 02:30:00,2026-01-26 03:45:00,6,2026-01-26 04:00:00,2026-01-26 04:00:00,2.83,1,90.0,1,90.0,2026-01-26 02:30:00
ara2_d52ddb31_ep_132,ara2_d52ddb31,2026-01-26 21:30:00,2026-01-26 23:15:00,8,2026-01-26 23:30:00,2026-01-26 23:30:00,2.8,1,120.0,1,120.0,2026-01-26 21:30:00
ara2_d52ddb31_ep_133,ara2_d52ddb31,2026-01-27 09:30:00,2026-01-27 09:30:00,1,2026-01-27 09:45:00,2026-01-27 09:45:00,2.78,1,15.0,1,15.0,2026-01-27 09:30:00
ara2_d52ddb31_ep_134,ara2_d52ddb31,2026-01-29 00:30:00,2026-01-29 00:45:00,2,2026-01-29 01:00:00,2026-01-29 01:00:00,2.98,1,30.0,1,30.0,2026-01-29 00:30:00
ara2_d52ddb31_ep_135,ara2_d52ddb31,2026-01-30 01:30:00,2026-01-30 03:15:00,8,2026-01-30 03:30:00,2026-01-30 03:30:00,2.89,1,120.0,1,120.0,2026-01-30 01:30:00
ara2_d52ddb31_ep_136,ara2_d52ddb31,2026-01-30 21:30:00,2026-01-30 23:15:00,8,2026-01-30 23:30:00,2026-01-30 23:30:00,2.61,1,120.0,1,120.0,2026-01-30 21:30:00
