episode_id,pond_id,detected_baseline,lead_time_baseline,detected_experimental,lead_time_experimental,first_physical_crossing,first_pre_alert_time
ara2_0677080b_ep_001,ara2_0677080b,1,105.0,1,105.0,2026-01-26 04:45:00,2026-01-26 03:00:00
ara2_0677080b_ep_002,ara2_0677080b,1,120.0,1,120.0,2026-01-27 06:45:00,2026-01-27 04:45:00
ara2_0677080b_ep_003,ara2_0677080b,1,120.0,1,120.0,2026-01-28 04:45:00,2026-01-28 02:45:00
ara2_0677080b_ep_004,ara2_0677080b,1,120.0,1,120.0,2026-01-29 03:15:00,2026-01-29 01:15:00
ara2_0677080b_ep_005,ara2_0677080b,1,120.0,1,120.0,2026-01-30 02:15:00,2026-01-30 00:15:00
ara2_0677080b_ep_006,ara2_0677080b,1,60.0,1,60.0,2026-01-30 11:15:00,2026-01-30 10:15:00
ara2_0f143c64_ep_007,ara2_0f143c64,0,0.0,0,0.0,2026-01-24 22:15:00,
ara2_148f1633_ep_008,ara2_148f1633,1,120.0,1,120.0,2026-01-26 03:00:09,2026-01-26 01:00:09
ara2_148f1633_ep_009,ara2_148f1633,1,105.01666666666668,1,105.01666666666667,2026-01-27 05:00:10,2026-01-27 03:15:09
ara2_148f1633_ep_010,ara2_148f1633,1,120.0,1,120.0,2026-01-28 05:00:10,2026-01-28 03:00:10
ara2_148f1633_ep_011,ara2_148f1633,1,105.01666666666668,1,105.01666666666667,2026-01-29 04:15:11,2026-01-29 02:30:10
ara2_148f1633_ep_012,ara2_148f1633,1,120.0,1,120.0,2026-01-30 02:30:11,2026-01-30 00:30:11
ara2_148f1633_ep_013,ara2_148f1633,1,60.0,1,60.0,2026-01-30 10:45:11,2026-01-30 09:45:11
ara2_176528d3_ep_014,ara2_176528d3,0,0.0,0,0.0,2026-01-22 17:15:00,
ara2_176528d3_ep_015,ara2_176528d3,1,120.0,1,120.0,2026-01-25 03:30:00,2026-01-25 01:30:00
ara2_176528d3_ep_016,ara2_176528d3,1,120.0,1,120.0,2026-01-25 11:30:00,2026-01-25 09:30:00
ara2_176528d3_ep_017,ara2_176528d3,1,75.0,0,0.0,2026-01-26 10:15:00,
ara2_176528d3_ep_018,ara2_176528d3,1,60.0,1,30.0,2026-01-27 04:00:00,2026-01-27 03:30:00
ara2_176528d3_ep_019,ara2_176528d3,0,0.0,0,0.0,2026-01-27 14:45:00,
ara2_176528d3_ep_020,ara2_176528d3,1,90.0,1,90.0,2026-01-28 09:00:00,2026-01-28 07:30:00
ara2_176528d3_ep_021,ara2_176528d3,0,0.0,0,0.0,2026-01-29 04:15:00,
ara2_176528d3_ep_022,ara2_176528d3,1,15.0,1,15.0,2026-01-29 09:15:00,2026-01-29 09:00:00
ara2_176528d3_ep_023,ara2_176528d3,1,120.0,1,120.0,2026-01-30 05:15:00,2026-01-30 03:15:00
ara2_29660d32_ep_024,ara2_29660d32,1,120.0,1,120.0,2026-01-21 03:00:00,2026-01-21 01:00:00
ara2_29660d32_ep_025,ara2_29660d32,1,120.0,1,120.0,2026-01-22 03:15:00,2026-01-22 01:15:00
ara2_29660d32_ep_026,ara2_29660d32,1,15.0,1,15.0,2026-01-23 02:00:00,2026-01-23 01:45:00
ara2_29660d32_ep_027,ara2_29660d32,1,90.0,1,90.0,2026-01-24 03:00:00,2026-01-24 01:30:00
ara2_29660d32_ep_028,ara2_29660d32,1,120.0,1,120.0,2026-01-25 03:30:00,2026-01-25 01:30:00
ara2_29660d32_ep_029,ara2_29660d32,1,120.0,1,120.0,2026-01-26 04:30:00,2026-01-26 02:30:00
ara2_29660d32_ep_030,ara2_29660d32,1,120.0,1,120.0,2026-01-27 01:45:00,2026-01-26 23:45:00
ara2_29660d32_ep_031,ara2_29660d32,1,120.0,1,120.0,2026-01-27 05:15:00,2026-01-27 03:15:00
ara2_29660d32_ep_032,ara2_29660d32,1,120.0,1,120.0,2026-01-28 05:45:00,2026-01-28 03:45:00
ara2_29660d32_ep_033,ara2_29660d32,1,120.0,1,120.0,2026-01-29 05:15:00,2026-01-29 03:15:00
ara2_29660d32_ep_034,ara2_29660d32,1,120.0,1,120.0,2026-01-30 04:00:00,2026-01-30 02:00:00
ara2_3eab831e_ep_035,ara2_3eab831e,1,105.0,1,105.0,2026-01-22 01:30:33,2026-01-21 23:45:33
ara2_3eab831e_ep_036,ara2_3eab831e,1,60.0,1,45.0,2026-01-23 01:15:33,2026-01-23 00:30:33
ara2_3eab831e_ep_037,ara2_3eab831e,1,90.0,1,90.0,2026-01-24 03:45:34,2026-01-24 02:15:34
ara2_3eab831e_ep_038,ara2_3eab831e,1,45.0,0,0.0,2026-01-24 09:30:34,
ara2_3eab831e_ep_039,ara2_3eab831e,1,120.0,1,120.0,2026-01-25 02:00:34,2026-01-25 00:00:34
ara2_3eab831e_ep_040,ara2_3eab831e,1,15.0,1,15.0,2026-01-25 09:30:35,2026-01-25 09:15:35
ara2_3eab831e_ep_041,ara2_3eab831e,1,75.0,1,75.0,2026-01-25 10:30:35,2026-01-25 09:15:35
ara2_3eab831e_ep_042,ara2_3eab831e,1,120.0,1,120.0,2026-01-26 05:00:35,2026-01-26 03:00:35
ara2_3eab831e_ep_043,ara2_3eab831e,1,120.0,1,120.0,2026-01-29 07:15:38,2026-01-29 05:15:38
ara2_3eab831e_ep_044,ara2_3eab831e,1,120.0,1,120.0,2026-01-30 00:45:38,2026-01-29 22:45:38
ara2_3ed4df8e_ep_045,ara2_3ed4df8e,1,120.0,1,120.0,2026-01-24 00:15:00,2026-01-23 22:15:00
ara2_3ed4df8e_ep_046,ara2_3ed4df8e,1,120.0,1,120.0,2026-01-25 04:45:00,2026-01-25 02:45:00
ara2_3ed4df8e_ep_047,ara2_3ed4df8e,1,105.0,0,0.0,2026-01-27 10:45:00,
ara2_3ed4df8e_ep_048,ara2_3ed4df8e,1,120.0,1,120.0,2026-01-28 05:00:00,2026-01-28 03:00:00
ara2_3ed4df8e_ep_049,ara2_3ed4df8e,1,120.0,1,120.0,2026-01-29 05:45:00,2026-01-29 03:45:00
ara2_3ed4df8e_ep_050,ara2_3ed4df8e,1,105.0,1,105.0,2026-01-30 03:45:00,2026-01-30 02:00:00
ara2_45e1cde5_ep_051,ara2_45e1cde5,1,60.0,1,60.0,2026-01-22 03:30:00,2026-01-22 02:30:00
ara2_45e1cde5_ep_052,ara2_45e1cde5,1,30.0,1,30.0,2026-01-23 02:45:00,2026-01-23 02:15:00
ara2_45e1cde5_ep_053,ara2_45e1cde5,0,0.0,0,0.0,2026-01-24 17:00:00,
ara2_45e1cde5_ep_054,ara2_45e1cde5,1,30.0,1,30.0,2026-01-29 06:30:00,2026-01-29 06:00:00
ara2_45e1cde5_ep_055,ara2_45e1cde5,1,120.0,1,120.0,2026-01-30 05:15:00,2026-01-30 03:15:00
ara2_4f79fc8d_ep_056,ara2_4f79fc8d,1,120.0,1,120.0,2026-01-22 02:30:00,2026-01-22 00:30:00
ara2_4f79fc8d_ep_057,ara2_4f79fc8d,1,120.0,1,120.0,2026-01-24 05:30:00,2026-01-24 03:30:00
ara2_4f79fc8d_ep_058,ara2_4f79fc8d,1,120.0,1,120.0,2026-01-25 07:00:00,2026-01-25 05:00:00
ara2_4f79fc8d_ep_059,ara2_4f79fc8d,1,120.0,1,120.0,2026-01-27 05:30:00,2026-01-27 03:30:00
ara2_4f79fc8d_ep_060,ara2_4f79fc8d,1,30.0,1,30.0,2026-01-28 09:45:00,2026-01-28 09:15:00
ara2_4f79fc8d_ep_061,ara2_4f79fc8d,1,120.0,1,120.0,2026-01-30 01:30:00,2026-01-29 23:30:00
ara2_573a2826_ep_062,ara2_573a2826,1,90.0,1,90.0,2026-01-23 01:30:00,2026-01-23 00:00:00
ara2_573a2826_ep_063,ara2_573a2826,0,0.0,0,0.0,2026-01-23 19:15:00,
ara2_573a2826_ep_064,ara2_573a2826,1,120.0,1,120.0,2026-01-24 00:15:00,2026-01-23 22:15:00
ara2_573a2826_ep_065,ara2_573a2826,1,120.0,1,120.0,2026-01-24 03:30:00,2026-01-24 01:30:00
ara2_573a2826_ep_066,ara2_573a2826,0,0.0,0,0.0,2026-01-24 15:00:00,
ara2_573a2826_ep_067,ara2_573a2826,1,120.0,1,120.0,2026-01-25 03:30:00,2026-01-25 01:30:00
ara2_573a2826_ep_068,ara2_573a2826,1,120.0,1,120.0,2026-01-25 04:45:00,2026-01-25 02:45:00
ara2_573a2826_ep_069,ara2_573a2826,1,30.0,1,105.0,2026-01-26 00:45:00,2026-01-25 23:00:00
ara2_573a2826_ep_070,ara2_573a2826,1,120.0,1,120.0,2026-01-26 03:30:00,2026-01-26 01:30:00
ara2_573a2826_ep_071,ara2_573a2826,1,60.0,0,0.0,2026-01-27 01:45:00,
ara2_573a2826_ep_072,ara2_573a2826,1,45.0,1,45.0,2026-01-29 06:45:00,2026-01-29 06:00:00
ara2_573a2826_ep_073,ara2_573a2826,1,120.0,1,120.0,2026-01-29 08:00:00,2026-01-29 06:00:00
ara2_573a2826_ep_074,ara2_573a2826,1,90.0,1,75.0,2026-01-30 01:30:00,2026-01-30 00:15:00
ara2_573a2826_ep_075,ara2_573a2826,1,120.0,1,120.0,2026-01-30 23:15:00,2026-01-30 21:15:00
ara2_6ca69422_ep_076,ara2_6ca69422,1,120.0,1,120.0,2026-01-28 06:15:00,2026-01-28 04:15:00
ara2_6ca69422_ep_077,ara2_6ca69422,1,15.0,1,15.0,2026-01-28 08:15:00,2026-01-28 08:00:00
ara2_6ca69422_ep_078,ara2_6ca69422,1,120.0,1,120.0,2026-01-30 06:00:00,2026-01-30 04:00:00
ara2_858b914c_ep_079,ara2_858b914c,1,60.0,1,60.0,2025-12-19 07:00:07,2025-12-19 06:00:07
ara2_858b914c_ep_080,ara2_858b914c,1,120.0,1,120.0,2025-12-20 05:15:08,2025-12-20 03:15:08
ara2_858b914c_ep_081,ara2_858b914c,1,105.01666666666668,1,105.01666666666667,2025-12-20 07:15:08,2025-12-20 05:30:07
ara2_858b914c_ep_082,ara2_858b914c,1,120.0,1,75.0,2025-12-21 01:45:08,2025-12-21 00:30:08
ara2_858b914c_ep_083,ara2_858b914c,0,0.0,0,0.0,2025-12-23 03:00:09,
ara2_858b914c_ep_084,ara2_858b914c,1,120.0,1,120.0,2025-12-24 07:15:09,2025-12-24 05:15:09
ara2_b3d128ac_ep_085,ara2_b3d128ac,1,60.0,1,60.0,2026-01-22 05:15:00,2026-01-22 04:15:00
ara2_b3d128ac_ep_086,ara2_b3d128ac,1,120.0,1,120.0,2026-01-23 04:15:00,2026-01-23 02:15:00
ara2_b3d128ac_ep_087,ara2_b3d128ac,1,30.0,1,30.0,2026-01-24 04:30:00,2026-01-24 04:00:00
ara2_b3d128ac_ep_088,ara2_b3d128ac,1,120.0,1,120.0,2026-01-25 02:45:00,2026-01-25 00:45:00
ara2_b3d128ac_ep_089,ara2_b3d128ac,1,120.0,1,120.0,2026-01-26 02:00:00,2026-01-26 00:00:00
ara2_b3d128ac_ep_090,ara2_b3d128ac,1,120.0,1,120.0,2026-01-26 23:00:00,2026-01-26 21:00:00
ara2_b3d128ac_ep_091,ara2_b3d128ac,1,120.0,1,120.0,2026-01-28 02:30:00,2026-01-28 00:30:00
ara2_b3d128ac_ep_092,ara2_b3d128ac,1,120.0,1,120.0,2026-01-29 00:00:00,2026-01-28 22:00:00
ara2_b3d128ac_ep_093,ara2_b3d128ac,1,15.0,1,15.0,2026-01-29 09:45:00,2026-01-29 09:30:00
ara2_b3d128ac_ep_094,ara2_b3d128ac,1,120.0,1,120.0,2026-01-30 03:00:00,2026-01-30 01:00:00
ara2_c9cdacda_ep_095,ara2_c9cdacda,1,119.98333333333332,1,119.98333333333333,2026-01-22 03:00:19,2026-01-22 01:00:20
ara2_c9cdacda_ep_096,ara2_c9cdacda,1,120.0,1,120.0,2026-01-23 01:30:20,2026-01-22 23:30:20
ara2_c9cdacda_ep_097,ara2_c9cdacda,1,120.0,1,120.0,2026-01-24 07:00:21,2026-01-24 05:00:21
ara2_c9cdacda_ep_098,ara2_c9cdacda,1,120.0,1,120.0,2026-01-25 07:00:21,2026-01-25 05:00:21
ara2_c9cdacda_ep_099,ara2_c9cdacda,1,15.0,1,15.0,2026-01-25 09:15:21,2026-01-25 09:00:21
ara2_c9cdacda_ep_100,ara2_c9cdacda,1,120.0,1,120.0,2026-01-26 01:15:21,2026-01-25 23:15:21
ara2_c9cdacda_ep_101,ara2_c9cdacda,1,120.0,1,120.0,2026-01-27 00:15:22,2026-01-26 22:15:22
ara2_c9cdacda_ep_102,ara2_c9cdacda,1,105.0,1,105.0,2026-01-27 02:15:22,2026-01-27 00:30:22
ara2_c9cdacda_ep_103,ara2_c9cdacda,1,15.0,1,15.0,2026-01-27 05:30:22,2026-01-27 05:15:22
ara2_c9cdacda_ep_104,ara2_c9cdacda,1,120.0,1,120.0,2026-01-28 03:00:22,2026-01-28 01:00:22
ara2_c9cdacda_ep_105,ara2_c9cdacda,1,105.01666666666668,1,105.01666666666667,2026-01-29 05:45:23,2026-01-29 04:00:22
ara2_c9cdacda_ep_106,ara2_c9cdacda,1,120.0,1,120.0,2026-01-30 04:45:23,2026-01-30 02:45:23
ara2_c9cdacda_ep_107,ara2_c9cdacda,1,105.0,1,105.0,2026-01-30 11:00:23,2026-01-30 09:15:23
ara2_ca187575_ep_108,ara2_ca187575,0,0.0,0,0.0,2026-01-13 14:30:00,
ara2_ca187575_ep_109,ara2_ca187575,0,0.0,0,0.0,2026-01-14 00:00:00,
ara2_ca187575_ep_110,ara2_ca187575,1,90.0,1,90.0,2026-01-15 06:15:00,2026-01-15 04:45:00
ara2_ca187575_ep_111,ara2_ca187575,1,90.0,1,120.0,2026-01-15 07:00:00,2026-01-15 05:00:00
ara2_ca187575_ep_112,ara2_ca187575,0,0.0,0,0.0,2026-01-16 00:00:00,
ara2_ca187575_ep_113,ara2_ca187575,0,0.0,0,0.0,2026-01-16 05:45:00,
ara2_ca187575_ep_114,ara2_ca187575,1,75.0,1,75.0,2026-01-16 08:15:00,2026-01-16 07:00:00
ara2_ca187575_ep_115,ara2_ca187575,1,60.0,1,60.0,2026-01-17 04:00:00,2026-01-17 03:00:00
ara2_ca187575_ep_116,ara2_ca187575,1,75.0,1,75.0,2026-01-17 07:30:00,2026-01-17 06:15:00
ara2_ca187575_ep_117,ara2_ca187575,1,120.0,1,120.0,2026-01-18 00:15:00,2026-01-17 22:15:00
ara2_ca187575_ep_118,ara2_ca187575,1,60.0,1,60.0,2026-01-19 06:00:00,2026-01-19 05:00:00
ara2_ca187575_ep_119,ara2_ca187575,1,60.0,1,60.0,2026-01-20 03:30:00,2026-01-20 02:30:00
ara2_ca187575_ep_120,ara2_ca187575,1,15.0,1,15.0,2026-01-21 02:15:00,2026-01-21 02:00:00
ara2_ca187575_ep_121,ara2_ca187575,1,120.0,1,120.0,2026-01-22 03:00:00,2026-01-22 01:00:00
ara2_ca187575_ep_122,ara2_ca187575,1,60.0,1,60.0,2026-01-22 10:00:00,2026-01-22 09:00:00
ara2_d52ddb31_ep_123,ara2_d52ddb31,1,120.0,1,120.0,2026-01-20 07:15:00,2026-01-20 05:15:00
ara2_d52ddb31_ep_124,ara2_d52ddb31,1,90.0,1,120.0,2026-01-21 00:45:00,2026-01-20 22:45:00
ara2_d52ddb31_ep_125,ara2_d52ddb31,1,75.0,1,75.0,2026-01-22 01:00:00,2026-01-21 23:45:00
ara2_d52ddb31_ep_126,ara2_d52ddb31,1,90.0,1,105.0,2026-01-22 23:15:00,2026-01-22 21:30:00
ara2_d52ddb31_ep_127,ara2_d52ddb31,1,45.0,1,45.0,2026-01-24 04:30:00,2026-01-24 03:45:00
ara2_d52ddb31_ep_128,ara2_d52ddb31,1,105.0,1,105.0,2026-01-24 06:45:00,2026-01-24 05:00:00
ara2_d52ddb31_ep_129,ara2_d52ddb31,1,15.0,1,15.0,2026-01-24 08:45:00,2026-01-24 08:30:00
ara2_d52ddb31_ep_130,ara2_d52ddb31,1,15.0,1,15.0,2026-01-25 09:45:00,2026-01-25 09:30:00
ara2_d52ddb31_ep_131,ara2_d52ddb31,1,90.0,1,90.0,2026-01-26 04:00:00,2026-01-26 02:30:00
ara2_d52ddb31_ep_132,ara2_d52ddb31,1,120.0,1,120.0,2026-01-26 23:30:00,2026-01-26 21:30:00
ara2_d52ddb31_ep_133,ara2_d52ddb31,1,15.0,1,15.0,2026-01-27 09:45:00,2026-01-27 09:30:00
ara2_d52ddb31_ep_134,ara2_d52ddb31,1,30.0,1,30.0,2026-01-29 01:00:00,2026-01-29 00:30:00
ara2_d52ddb31_ep_135,ara2_d52ddb31,1,120.0,1,120.0,2026-01-30 03:30:00,2026-01-30 01:30:00
ara2_d52ddb31_ep_136,ara2_d52ddb31,1,120.0,1,120.0,2026-01-30 23:30:00,2026-01-30 21:30:00
