threshold,f1,recall,precision,specificity,accuracy,tp,fp,tn,fn
0.1,0.4543,0.8938,0.3046,0.6999,0.7247,3771,8611,20078,448
0.12,0.4744,0.8798,0.3248,0.731,0.7501,3712,7718,20971,507
0.14,0.4923,0.8718,0.343,0.7544,0.7694,3678,7046,21643,541
0.16,0.5076,0.8599,0.3601,0.7752,0.7861,3628,6448,22241,591
0.18,0.5231,0.85,0.3778,0.7942,0.8013,3586,5905,22784,633
0.2,0.5391,0.8433,0.3962,0.811,0.8152,3558,5422,23267,661
0.22,0.5528,0.8346,0.4133,0.8258,0.8269,3521,4998,23691,698
0.24,0.5653,0.8263,0.4296,0.8387,0.8371,3486,4628,24061,733
0.26,0.5765,0.8156,0.4458,0.8509,0.8464,3441,4278,24411,778
0.28,0.5863,0.8073,0.4603,0.8608,0.8539,3406,3994,24695,813
0.3,0.5953,0.799,0.4743,0.8698,0.8607,3371,3736,24953,848
0.32,0.6048,0.7917,0.4893,0.8785,0.8674,3340,3486,25203,879
0.34,0.6124,0.7836,0.5027,0.886,0.8729,3306,3271,25418,913
0.36,0.6189,0.7741,0.5155,0.893,0.8778,3266,3069,25620,953
0.38,0.6278,0.7663,0.5317,0.9007,0.8835,3233,2848,25841,986
0.4,0.6318,0.7561,0.5426,0.9063,0.887,3190,2689,26000,1029
0.42,0.638,0.7476,0.5565,0.9124,0.8912,3154,2514,26175,1065
0.44,0.645,0.7414,0.5708,0.918,0.8954,3128,2352,26337,1091
0.46,0.6512,0.7355,0.5843,0.923,0.899,3103,2208,26481,1116
0.48,0.6563,0.7274,0.5978,0.928,0.9023,3069,2065,26624,1150
0.5,0.6622,0.7198,0.6132,0.9332,0.9059,3037,1916,26773,1182
0.52,0.6664,0.7132,0.6253,0.9372,0.9084,3009,1803,26886,1210
0.54,0.6699,0.7056,0.6376,0.941,0.9108,2977,1692,26997,1242
0.56,0.6717,0.6978,0.6475,0.9441,0.9125,2944,1603,27086,1275
0.58,0.6732,0.6888,0.6582,0.9474,0.9142,2906,1509,27180,1313
0.6,0.6757,0.68,0.6714,0.9511,0.9163,2869,1404,27285,1350
0.62,0.6785,0.6717,0.6854,0.9547,0.9184,2834,1301,27388,1385
0.64,0.6806,0.662,0.7002,0.9583,0.9203,2793,1196,27493,1426
0.66,0.6809,0.6518,0.7128,0.9614,0.9217,2750,1108,27581,1469
0.68,0.6832,0.6449,0.7262,0.9642,0.9233,2721,1026,27663,1498
0.7,0.6822,0.635,0.737,0.9667,0.9242,2679,956,27733,1540
0.72,0.6813,0.6234,0.7512,0.9696,0.9252,2630,871,27818,1589
0.74,0.6785,0.612,0.7612,0.9718,0.9256,2582,810,27879,1637
0.76,0.6765,0.5997,0.7758,0.9745,0.9265,2530,731,27958,1689
0.78,0.6705,0.5843,0.7865,0.9767,0.9264,2465,669,28020,1754
0.8,0.6662,0.5703,0.8009,0.9792,0.9267,2406,598,28091,1813
0.82,0.6586,0.5534,0.813,0.9813,0.9264,2335,537,28152,1884
0.84,0.6537,0.539,0.8305,0.9838,0.9268,2274,464,28225,1945
0.86,0.6438,0.5207,0.8431,0.9857,0.9261,2197,409,28280,2022
0.88,0.631,0.4994,0.8569,0.9877,0.9251,2107,352,28337,2112
0.9,0.6163,0.4755,0.8756,0.9901,0.9241,2006,285,28404,2213
