pond_id,total_valid_do_obs,valid_below_3_count,pct_below_3,num_episodes,longest_period_str,longest_period_hours,max_consecutive_readings
ara2_0677080b,3041,1097,36.07,46,0 days 17:30:00,17.5,69
ara2_573a2826,4480,1601,35.74,119,0 days 12:30:00,12.5,51
ara2_29660d32,5590,1947,34.83,82,0 days 15:45:00,15.75,63
ara2_b3d128ac,4435,1354,30.53,61,0 days 17:30:00,17.5,68
ara2_3ed4df8e,4569,1255,27.47,68,0 days 14:15:00,14.25,114
ara2_176528d3,4148,1044,25.17,91,0 days 16:00:00,16.0,60
ara2_4f79fc8d,4435,1075,24.24,57,0 days 17:00:00,17.0,67
ara2_d52ddb31,4457,1033,23.18,89,0 days 16:15:00,16.25,64
ara2_3eab831e,5563,1242,22.33,115,0 days 13:30:01,13.5,55
ara2_ca187575,4206,795,18.9,64,0 days 12:00:00,12.0,48
ara2_6ca69422,3775,706,18.7,65,0 days 15:30:00,15.5,63
ara2_3b2f3973,4926,709,14.39,40,0 days 18:15:01,18.25,73
ara2_45e1cde5,4413,555,12.58,65,0 days 14:15:00,14.25,58
ara2_858b914c,2338,279,11.93,47,0 days 11:30:01,11.5,47
ara2_148f1633,2297,210,9.14,35,0 days 07:00:00,7.0,29
ara2_c9cdacda,5477,378,6.9,55,0 days 10:00:00,10.0,41
ara2_0f143c64,4469,171,3.83,22,0 days 07:45:00,7.75,32
