fold,test_ponds,model,test_examples,test_at_risk,pr_auc,roc_auc,f1,recall,precision
1,"ara2_6ca69422, ara2_858b914c, ara2_c9cdacda",Logistic Regression,8309,799,0.4048,0.8643,0.375,0.821,0.243
1,"ara2_6ca69422, ara2_858b914c, ara2_c9cdacda",Random Forest,8309,799,0.6635,0.9237,0.6222,0.6421,0.6035
1,"ara2_6ca69422, ara2_858b914c, ara2_c9cdacda",XGBoost,8309,799,0.6748,0.9199,0.6085,0.6771,0.5526
2,"ara2_176528d3, ara2_3b2f3973, ara2_573a2826",Logistic Regression,7844,1225,0.6031,0.8587,0.5423,0.7739,0.4174
2,"ara2_176528d3, ara2_3b2f3973, ara2_573a2826",Random Forest,7844,1225,0.6694,0.8517,0.6216,0.5739,0.6779
2,"ara2_176528d3, ara2_3b2f3973, ara2_573a2826",XGBoost,7844,1225,0.6836,0.8564,0.6259,0.5976,0.6571
3,"ara2_0f143c64, ara2_3ed4df8e, ara2_ca187575",Logistic Regression,7537,668,0.5916,0.9097,0.4026,0.8817,0.2609
3,"ara2_0f143c64, ara2_3ed4df8e, ara2_ca187575",Random Forest,7537,668,0.7097,0.9279,0.5747,0.7949,0.45
3,"ara2_0f143c64, ara2_3ed4df8e, ara2_ca187575",XGBoost,7537,668,0.7281,0.927,0.5188,0.8174,0.38
4,"ara2_148f1633, ara2_3eab831e, ara2_45e1cde5, ara2_b3d128ac",Logistic Regression,8794,1171,0.6582,0.9124,0.4562,0.9206,0.3032
4,"ara2_148f1633, ara2_3eab831e, ara2_45e1cde5, ara2_b3d128ac",Random Forest,8794,1171,0.7246,0.9139,0.6561,0.7276,0.5975
4,"ara2_148f1633, ara2_3eab831e, ara2_45e1cde5, ara2_b3d128ac",XGBoost,8794,1171,0.7123,0.8996,0.5968,0.7711,0.4868
5,"ara2_0677080b, ara2_29660d32, ara2_4f79fc8d, ara2_d52ddb31",Logistic Regression,8793,1313,0.7175,0.9255,0.5184,0.9337,0.3588
5,"ara2_0677080b, ara2_29660d32, ara2_4f79fc8d, ara2_d52ddb31",Random Forest,8793,1313,0.7756,0.9172,0.6885,0.7997,0.6045
5,"ara2_0677080b, ara2_29660d32, ara2_4f79fc8d, ara2_d52ddb31",XGBoost,8793,1313,0.7925,0.9178,0.6638,0.8264,0.5547
