pond_id,total_usable_examples,safe_count,at_risk_count,at_risk_pct,excluded_insufficient_past,excluded_insufficient_future,excluded_already_low_do
ara2_573a2826,2324,1756,568,24.44,317,238,1601
ara2_176528d3,1872,1467,405,21.63,726,506,1044
ara2_3eab831e,2857,2375,482,16.87,932,532,1242
ara2_29660d32,2462,2053,409,16.61,675,505,1947
ara2_0677080b,1484,1243,241,16.24,266,194,1097
ara2_d52ddb31,2549,2144,405,15.89,497,378,1033
ara2_ca187575,2045,1764,281,13.74,491,386,789
ara2_b3d128ac,2184,1891,293,13.42,527,369,1354
ara2_6ca69422,2318,2020,298,12.86,403,303,683
ara2_858b914c,1821,1600,221,12.14,131,107,279
ara2_3ed4df8e,2347,2069,278,11.84,390,322,1067
ara2_4f79fc8d,2298,2040,258,11.23,607,455,1075
ara2_45e1cde5,2425,2166,259,10.68,844,589,555
ara2_148f1633,1328,1191,137,10.32,473,286,210
ara2_3b2f3973,3648,3396,252,6.91,295,272,709
ara2_c9cdacda,4170,3890,280,6.71,494,435,378
ara2_0f143c64,3145,3036,109,3.47,632,521,171
