Model,Feature Configuration,PR-AUC,ROC-AUC,F1,Recall,Precision,Specificity,Accuracy
Majority Baseline,None (Class Distribution Only),0.1142,0.5,0.0,0.0,0.0,1.0,0.8858
Current-DO Baseline (DO <= 4.2),Current DO Only (Static Threshold <= 4.2 mg/L),0.6149,0.9024,0.4516,0.8961,0.3019,0.733,0.7516
Persistence Baseline,Strict Persistence (DO_T persists indefinitely),0.1142,0.5000,0.0000,0.0000,0.0000,1.0000,0.8858
Linear Trend Baseline,120-min Linear Trend Extrapolation (9 Historical DO Lags),0.4656,0.8870,0.5834,0.6267,0.5457,0.9328,0.8978
Logistic Regression,Config A — Current DO + Time (5 Predictors),0.6019,0.8994,0.4274,0.9003,0.2802,0.702,0.7246
Logistic Regression,Config B — Current + DO/pH/Temp History (29 Predictors),0.6763,0.9078,0.4295,0.8993,0.2821,0.7051,0.7273
Logistic Regression,Config C — Current + Recent DO History (11 Predictors),0.655,0.9093,0.4549,0.894,0.3051,0.7376,0.7555
Random Forest,Config A — Current DO + Time (5 Predictors),0.7107,0.9116,0.6174,0.7709,0.5149,0.9064,0.8909
Random Forest,Config B — Current + DO/pH/Temp History (29 Predictors),0.742,0.9169,0.6233,0.7614,0.5276,0.9121,0.8949
Random Forest,Config C — Current + Recent DO History (11 Predictors),0.7471,0.9144,0.6602,0.7561,0.5859,0.9311,0.9111
XGBoost,Config A — Current DO + Time (5 Predictors),0.7317,0.915,0.5817,0.8102,0.4537,0.8743,0.867
XGBoost,Config B — Current + DO/pH/Temp History (29 Predictors),0.7353,0.9171,0.5922,0.7932,0.4725,0.8859,0.8753
XGBoost,Config C — Current + Recent DO History (11 Predictors),0.7574,0.9162,0.6285,0.7975,0.5186,0.9046,0.8924
