pond_id,model,test_examples,safe_examples,at_risk_examples,precision,recall,f1,pr_auc
ara2_0677080b,Logistic Regression,297,253,44,0.3212,1.0,0.4862,0.8116
ara2_0677080b,Random Forest,297,253,44,0.5658,0.9773,0.7167,0.909
ara2_0677080b,XGBoost,297,253,44,0.4444,1.0,0.6154,0.9075
ara2_0f143c64,Logistic Regression,629,627,2,0.0,0.0,0.0,0.0038
ara2_0f143c64,Random Forest,629,627,2,0.0,0.0,0.0,0.0046
ara2_0f143c64,XGBoost,629,627,2,0.0,0.0,0.0,0.0048
ara2_148f1633,Logistic Regression,266,221,45,0.2903,1.0,0.45,0.9326
ara2_148f1633,Random Forest,266,221,45,0.6567,0.9778,0.7857,0.944
ara2_148f1633,XGBoost,266,221,45,0.5176,0.9778,0.6769,0.9253
ara2_176528d3,Logistic Regression,375,301,74,0.45,0.7297,0.5567,0.6478
ara2_176528d3,Random Forest,375,301,74,0.5672,0.5135,0.539,0.5892
ara2_176528d3,XGBoost,375,301,74,0.5441,0.5,0.5211,0.5854
ara2_29660d32,Logistic Regression,493,410,83,0.3756,1.0,0.5461,0.9647
ara2_29660d32,Random Forest,493,410,83,0.7959,0.9398,0.8619,0.9711
ara2_29660d32,XGBoost,493,410,83,0.7207,0.9639,0.8247,0.9639
ara2_3b2f3973,Logistic Regression,730,730,0,0.0,0.0,0.0,0.0
ara2_3b2f3973,Random Forest,730,730,0,0.0,0.0,0.0,0.0
ara2_3b2f3973,XGBoost,730,730,0,0.0,0.0,0.0,0.0
ara2_3eab831e,Logistic Regression,572,504,68,0.2547,1.0,0.406,0.6248
ara2_3eab831e,Random Forest,572,504,68,0.4196,0.8824,0.5687,0.7763
ara2_3eab831e,XGBoost,572,504,68,0.3647,0.9118,0.521,0.7781
ara2_3ed4df8e,Logistic Regression,470,423,47,0.2573,0.9362,0.4037,0.8251
ara2_3ed4df8e,Random Forest,470,423,47,0.3889,0.8936,0.5419,0.851
ara2_3ed4df8e,XGBoost,470,423,47,0.3333,0.8936,0.4855,0.8289
ara2_45e1cde5,Logistic Regression,485,461,24,0.106,0.6667,0.1829,0.5975
ara2_45e1cde5,Random Forest,485,461,24,0.2963,0.6667,0.4103,0.6118
ara2_45e1cde5,XGBoost,485,461,24,0.2462,0.6667,0.3596,0.518
ara2_4f79fc8d,Logistic Regression,460,412,48,0.3,1.0,0.4615,0.6749
ara2_4f79fc8d,Random Forest,460,412,48,0.4615,1.0,0.6316,0.8688
ara2_4f79fc8d,XGBoost,460,412,48,0.4324,1.0,0.6038,0.8818
ara2_573a2826,Logistic Regression,465,368,97,0.3518,0.7216,0.473,0.6426
ara2_573a2826,Random Forest,465,368,97,0.6932,0.6289,0.6595,0.7326
ara2_573a2826,XGBoost,465,368,97,0.6111,0.6804,0.6439,0.7522
ara2_6ca69422,Logistic Regression,464,447,17,0.1954,1.0,0.3269,0.9443
ara2_6ca69422,Random Forest,464,447,17,0.4146,1.0,0.5862,0.9664
ara2_6ca69422,XGBoost,464,447,17,0.3542,1.0,0.5231,0.9912
ara2_858b914c,Logistic Regression,365,306,59,0.4636,0.8644,0.6036,0.7216
ara2_858b914c,Random Forest,365,306,59,0.8519,0.3898,0.5349,0.689
ara2_858b914c,XGBoost,365,306,59,0.7273,0.4068,0.5217,0.6366
ara2_b3d128ac,Logistic Regression,437,374,63,0.3247,1.0,0.4903,0.885
ara2_b3d128ac,Random Forest,437,374,63,0.5122,1.0,0.6774,0.9446
ara2_b3d128ac,XGBoost,437,374,63,0.4846,1.0,0.6528,0.9121
ara2_c9cdacda,Logistic Regression,834,732,102,0.2551,0.9902,0.4056,0.7142
ara2_c9cdacda,Random Forest,834,732,102,0.568,0.6961,0.6256,0.7886
ara2_c9cdacda,XGBoost,834,732,102,0.5497,0.8137,0.6561,0.8012
ara2_ca187575,Logistic Regression,409,319,90,0.3879,0.7111,0.502,0.5456
ara2_ca187575,Random Forest,409,319,90,0.5357,0.5,0.5172,0.6316
ara2_ca187575,XGBoost,409,319,90,0.551,0.6,0.5745,0.6391
ara2_d52ddb31,Logistic Regression,510,430,80,0.442,1.0,0.613,0.8808
ara2_d52ddb31,Random Forest,510,430,80,0.6509,0.8625,0.7419,0.8478
ara2_d52ddb31,XGBoost,510,430,80,0.6239,0.85,0.7196,0.8585
