event_id,pond_id,actual_event_start,actual_event_end,first_pre_event_alert,lead_time_minutes,detected_before_event,missed,minimum_DO,event_duration,pre_event_prediction_points
ara2_0677080b_phys_001,ara2_0677080b,2026-01-26 04:45:00,2026-01-26 08:15:00,2026-01-26 03:00:00,105.0,True,False,2.02,225.0,8
ara2_0677080b_phys_002,ara2_0677080b,2026-01-27 06:45:00,2026-01-27 06:45:00,2026-01-27 04:45:00,120.0,True,False,2.99,15.0,8
ara2_0677080b_phys_003,ara2_0677080b,2026-01-27 07:45:00,2026-01-27 08:15:00,2026-01-27 05:45:00,120.0,True,False,1.94,45.0,4
ara2_0677080b_phys_004,ara2_0677080b,2026-01-28 04:45:00,2026-01-28 09:00:00,2026-01-28 02:45:00,120.0,True,False,1.15,270.0,8
ara2_0677080b_phys_005,ara2_0677080b,2026-01-29 03:15:00,2026-01-29 09:30:00,2026-01-29 01:15:00,120.0,True,False,0.51,390.0,8
ara2_0677080b_phys_006,ara2_0677080b,2026-01-30 02:15:00,2026-01-30 10:00:00,2026-01-30 00:15:00,120.0,True,False,0.18,480.0,8
ara2_0677080b_phys_007,ara2_0677080b,2026-01-30 11:15:00,2026-01-30 11:45:00,2026-01-30 10:15:00,60.0,True,False,2.37,45.0,4
ara2_0f143c64_phys_008,ara2_0f143c64,2026-01-24 22:15:00,2026-01-24 22:30:00,,0.0,False,True,1.52,30.0,2
ara2_148f1633_phys_009,ara2_148f1633,2026-01-26 03:00:09,2026-01-26 09:15:09,2026-01-26 01:00:09,120.0,True,False,1.12,390.0,8
ara2_148f1633_phys_010,ara2_148f1633,2026-01-27 05:00:10,2026-01-27 09:30:10,2026-01-27 03:15:09,105.01666666666667,True,False,1.07,285.0,7
ara2_148f1633_phys_011,ara2_148f1633,2026-01-28 05:00:10,2026-01-28 07:00:10,2026-01-28 03:00:10,120.0,True,False,1.99,135.0,8
ara2_148f1633_phys_012,ara2_148f1633,2026-01-28 07:45:10,2026-01-28 09:00:10,,0.0,False,True,1.84,90.0,0
ara2_148f1633_phys_013,ara2_148f1633,2026-01-29 04:15:11,2026-01-29 06:30:11,2026-01-29 02:30:10,105.01666666666667,True,False,2.14,150.0,7
ara2_148f1633_phys_014,ara2_148f1633,2026-01-29 07:15:11,2026-01-29 07:30:11,,0.0,False,True,1.93,30.0,0
ara2_148f1633_phys_015,ara2_148f1633,2026-01-29 08:15:11,2026-01-29 08:45:11,,0.0,False,True,1.73,45.0,0
ara2_148f1633_phys_016,ara2_148f1633,2026-01-30 02:30:11,2026-01-30 09:30:11,2026-01-30 00:30:11,120.0,True,False,0.98,435.0,8
ara2_148f1633_phys_017,ara2_148f1633,2026-01-30 10:45:11,2026-01-30 10:45:11,2026-01-30 09:45:11,60.0,True,False,2.98,15.0,4
ara2_148f1633_phys_018,ara2_148f1633,2026-01-30 11:15:11,2026-01-30 11:30:11,2026-01-30 09:45:11,90.0,True,False,2.77,30.0,5
ara2_176528d3_phys_019,ara2_176528d3,2026-01-21 07:15:00,2026-01-21 07:45:00,,0.0,False,True,2.86,45.0,0
ara2_176528d3_phys_020,ara2_176528d3,2026-01-22 07:45:00,2026-01-22 07:45:00,,0.0,False,True,2.8,15.0,0
ara2_176528d3_phys_021,ara2_176528d3,2026-01-22 17:15:00,2026-01-22 17:15:00,,0.0,False,True,2.74,15.0,8
ara2_176528d3_phys_022,ara2_176528d3,2026-01-23 05:00:00,2026-01-23 05:45:00,,0.0,False,True,2.17,60.0,0
ara2_176528d3_phys_023,ara2_176528d3,2026-01-23 07:00:00,2026-01-23 09:15:00,,0.0,False,True,1.93,150.0,0
ara2_176528d3_phys_024,ara2_176528d3,2026-01-24 05:15:00,2026-01-24 08:30:00,,0.0,False,True,2.5,210.0,0
ara2_176528d3_phys_025,ara2_176528d3,2026-01-25 03:30:00,2026-01-25 09:15:00,2026-01-25 01:30:00,120.0,True,False,1.66,360.0,8
ara2_176528d3_phys_026,ara2_176528d3,2026-01-25 11:30:00,2026-01-25 11:30:00,2026-01-25 09:30:00,120.0,True,False,1.46,15.0,8
ara2_176528d3_phys_027,ara2_176528d3,2026-01-26 06:45:00,2026-01-26 08:45:00,,0.0,False,True,1.16,135.0,0
ara2_176528d3_phys_028,ara2_176528d3,2026-01-26 10:15:00,2026-01-26 10:30:00,2026-01-26 09:00:00,75.0,True,False,2.28,30.0,5
ara2_176528d3_phys_029,ara2_176528d3,2026-01-27 04:00:00,2026-01-27 04:15:00,2026-01-27 03:00:00,60.0,True,False,2.75,30.0,6
ara2_176528d3_phys_030,ara2_176528d3,2026-01-27 14:45:00,2026-01-27 14:45:00,,0.0,False,True,1.86,15.0,8
ara2_176528d3_phys_031,ara2_176528d3,2026-01-28 06:45:00,2026-01-28 06:45:00,,0.0,False,True,2.33,15.0,0
ara2_176528d3_phys_032,ara2_176528d3,2026-01-28 09:00:00,2026-01-28 09:30:00,2026-01-28 07:30:00,90.0,True,False,2.77,45.0,6
ara2_176528d3_phys_033,ara2_176528d3,2026-01-29 04:15:00,2026-01-29 04:15:00,,0.0,False,True,1.6,15.0,8
ara2_176528d3_phys_034,ara2_176528d3,2026-01-29 06:30:00,2026-01-29 08:45:00,2026-01-29 04:45:00,105.0,True,False,2.18,150.0,8
ara2_176528d3_phys_035,ara2_176528d3,2026-01-29 09:15:00,2026-01-29 09:15:00,2026-01-29 09:00:00,15.0,True,False,2.7,15.0,1
ara2_176528d3_phys_036,ara2_176528d3,2026-01-29 16:30:00,2026-01-29 16:30:00,,0.0,False,True,2.96,15.0,0
ara2_176528d3_phys_037,ara2_176528d3,2026-01-30 05:15:00,2026-01-30 06:45:00,2026-01-30 03:15:00,120.0,True,False,1.64,105.0,8
ara2_176528d3_phys_038,ara2_176528d3,2026-01-30 07:30:00,2026-01-30 09:30:00,,0.0,False,True,1.54,135.0,0
ara2_29660d32_phys_039,ara2_29660d32,2026-01-21 03:00:00,2026-01-21 09:15:00,2026-01-21 01:00:00,120.0,True,False,0.88,390.0,8
ara2_29660d32_phys_040,ara2_29660d32,2026-01-22 03:15:00,2026-01-22 09:45:00,2026-01-22 01:15:00,120.0,True,False,0.42,405.0,8
ara2_29660d32_phys_041,ara2_29660d32,2026-01-23 01:30:00,2026-01-23 01:30:00,,0.0,False,True,2.89,15.0,0
ara2_29660d32_phys_042,ara2_29660d32,2026-01-23 02:00:00,2026-01-23 08:45:00,2026-01-23 01:45:00,15.0,True,False,0.5,420.0,1
ara2_29660d32_phys_043,ara2_29660d32,2026-01-23 09:15:00,2026-01-23 09:15:00,,0.0,False,True,2.79,15.0,0
ara2_29660d32_phys_044,ara2_29660d32,2026-01-24 03:00:00,2026-01-24 09:15:00,2026-01-24 01:30:00,90.0,True,False,0.88,390.0,6
ara2_29660d32_phys_045,ara2_29660d32,2026-01-25 03:30:00,2026-01-25 09:00:00,2026-01-25 01:30:00,120.0,True,False,0.69,345.0,8
ara2_29660d32_phys_046,ara2_29660d32,2026-01-26 04:30:00,2026-01-26 08:45:00,2026-01-26 02:30:00,120.0,True,False,1.54,270.0,8
ara2_29660d32_phys_047,ara2_29660d32,2026-01-27 01:45:00,2026-01-27 01:45:00,2026-01-26 23:45:00,120.0,True,False,2.96,15.0,8
ara2_29660d32_phys_048,ara2_29660d32,2026-01-27 02:30:00,2026-01-27 02:30:00,2026-01-27 00:30:00,120.0,True,False,2.82,15.0,7
ara2_29660d32_phys_049,ara2_29660d32,2026-01-27 03:45:00,2026-01-27 04:00:00,2026-01-27 02:00:00,105.0,True,False,2.93,30.0,6
ara2_29660d32_phys_050,ara2_29660d32,2026-01-27 05:15:00,2026-01-27 08:30:00,2026-01-27 03:15:00,120.0,True,False,1.72,210.0,6
ara2_29660d32_phys_051,ara2_29660d32,2026-01-28 05:45:00,2026-01-28 08:30:00,2026-01-28 03:45:00,120.0,True,False,1.82,180.0,8
ara2_29660d32_phys_052,ara2_29660d32,2026-01-29 05:15:00,2026-01-29 05:15:00,2026-01-29 03:15:00,120.0,True,False,2.95,15.0,8
ara2_29660d32_phys_053,ara2_29660d32,2026-01-29 06:00:00,2026-01-29 08:30:00,2026-01-29 04:00:00,120.0,True,False,2.32,165.0,7
ara2_29660d32_phys_054,ara2_29660d32,2026-01-30 04:00:00,2026-01-30 09:15:00,2026-01-30 02:00:00,120.0,True,False,1.76,330.0,8
ara2_3eab831e_phys_055,ara2_3eab831e,2026-01-22 01:30:33,2026-01-22 10:15:33,2026-01-21 23:45:33,105.0,True,False,0.45,540.0,7
ara2_3eab831e_phys_056,ara2_3eab831e,2026-01-22 11:00:33,2026-01-22 11:00:33,,0.0,False,True,2.86,15.0,0
ara2_3eab831e_phys_057,ara2_3eab831e,2026-01-23 01:15:33,2026-01-23 01:15:33,2026-01-23 00:15:33,60.0,True,False,1.85,15.0,8
ara2_3eab831e_phys_058,ara2_3eab831e,2026-01-23 03:15:33,2026-01-23 09:15:33,2026-01-23 01:30:33,105.0,True,False,0.39,375.0,7
ara2_3eab831e_phys_059,ara2_3eab831e,2026-01-24 03:45:34,2026-01-24 08:30:34,2026-01-24 02:15:34,90.0,True,False,1.46,300.0,7
ara2_3eab831e_phys_060,ara2_3eab831e,2026-01-24 09:30:34,2026-01-24 09:30:34,2026-01-24 08:45:34,45.0,True,False,2.93,15.0,3
ara2_3eab831e_phys_061,ara2_3eab831e,2026-01-25 02:00:34,2026-01-25 09:00:35,2026-01-25 00:00:34,120.0,True,False,1.11,435.01666666666665,8
ara2_3eab831e_phys_062,ara2_3eab831e,2026-01-25 09:30:35,2026-01-25 09:45:35,2026-01-25 09:15:35,15.0,True,False,2.62,30.0,1
ara2_3eab831e_phys_063,ara2_3eab831e,2026-01-25 10:30:35,2026-01-25 10:45:35,2026-01-25 09:15:35,75.0,True,False,2.7,30.0,3
ara2_3eab831e_phys_064,ara2_3eab831e,2026-01-26 05:00:35,2026-01-26 09:15:36,2026-01-26 03:00:35,120.0,True,False,1.66,270.01666666666665,8
ara2_3eab831e_phys_065,ara2_3eab831e,2026-01-29 07:15:38,2026-01-29 08:30:38,2026-01-29 05:15:38,120.0,True,False,2.48,90.0,8
ara2_3eab831e_phys_066,ara2_3eab831e,2026-01-30 00:45:38,2026-01-30 09:30:38,2026-01-29 22:45:38,120.0,True,False,0.14,540.0,8
ara2_3ed4df8e_phys_067,ara2_3ed4df8e,2026-01-24 00:15:00,2026-01-24 02:45:00,2026-01-23 22:15:00,120.0,True,False,2.16,165.0,8
ara2_3ed4df8e_phys_068,ara2_3ed4df8e,2026-01-25 04:45:00,2026-01-25 08:30:00,2026-01-25 02:45:00,120.0,True,False,2.08,240.0,8
ara2_3ed4df8e_phys_069,ara2_3ed4df8e,2026-01-27 06:00:00,2026-01-27 08:15:00,,0.0,False,True,2.21,150.0,0
ara2_3ed4df8e_phys_070,ara2_3ed4df8e,2026-01-27 10:45:00,2026-01-27 11:00:00,2026-01-27 09:00:00,105.0,True,False,1.19,30.0,8
ara2_3ed4df8e_phys_071,ara2_3ed4df8e,2026-01-28 05:00:00,2026-01-28 09:00:00,2026-01-28 03:00:00,120.0,True,False,2.11,255.0,8
ara2_3ed4df8e_phys_072,ara2_3ed4df8e,2026-01-29 05:45:00,2026-01-29 09:00:00,2026-01-29 03:45:00,120.0,True,False,1.96,210.0,8
ara2_3ed4df8e_phys_073,ara2_3ed4df8e,2026-01-30 03:45:00,2026-01-30 09:15:00,2026-01-30 02:00:00,105.0,True,False,0.92,345.0,7
ara2_45e1cde5_phys_074,ara2_45e1cde5,2026-01-21 06:00:00,2026-01-21 09:15:00,,0.0,False,True,1.79,210.0,0
ara2_45e1cde5_phys_075,ara2_45e1cde5,2026-01-22 03:30:00,2026-01-22 09:30:00,2026-01-22 02:30:00,60.0,True,False,1.12,375.0,4
ara2_45e1cde5_phys_076,ara2_45e1cde5,2026-01-22 11:30:00,2026-01-22 11:45:00,,0.0,False,True,2.71,30.0,0
ara2_45e1cde5_phys_077,ara2_45e1cde5,2026-01-23 02:45:00,2026-01-23 13:00:00,2026-01-23 02:15:00,30.0,True,False,0.33,630.0,2
ara2_45e1cde5_phys_078,ara2_45e1cde5,2026-01-24 03:45:00,2026-01-24 05:15:00,,0.0,False,True,2.79,105.0,0
ara2_45e1cde5_phys_079,ara2_45e1cde5,2026-01-24 17:00:00,2026-01-24 17:15:00,,0.0,False,True,1.53,30.0,8
ara2_45e1cde5_phys_080,ara2_45e1cde5,2026-01-25 07:00:00,2026-01-25 07:45:00,,0.0,False,True,2.89,60.0,0
ara2_45e1cde5_phys_081,ara2_45e1cde5,2026-01-25 22:30:00,2026-01-25 22:30:00,,0.0,False,True,1.92,15.0,0
ara2_45e1cde5_phys_082,ara2_45e1cde5,2026-01-28 08:00:00,2026-01-28 08:00:00,,0.0,False,True,2.94,15.0,0
ara2_45e1cde5_phys_083,ara2_45e1cde5,2026-01-28 08:30:00,2026-01-28 08:30:00,,0.0,False,True,2.99,15.0,0
ara2_45e1cde5_phys_084,ara2_45e1cde5,2026-01-28 09:00:00,2026-01-28 09:00:00,,0.0,False,True,2.92,15.0,0
ara2_45e1cde5_phys_085,ara2_45e1cde5,2026-01-29 06:30:00,2026-01-29 08:45:00,2026-01-29 06:00:00,30.0,True,False,2.46,150.0,2
ara2_45e1cde5_phys_086,ara2_45e1cde5,2026-01-30 05:15:00,2026-01-30 09:00:00,2026-01-30 03:15:00,120.0,True,False,0.87,240.0,8
ara2_4f79fc8d_phys_087,ara2_4f79fc8d,2026-01-22 02:30:00,2026-01-22 02:30:00,2026-01-22 00:30:00,120.0,True,False,2.21,15.0,8
ara2_4f79fc8d_phys_088,ara2_4f79fc8d,2026-01-22 03:30:00,2026-01-22 08:45:00,2026-01-22 01:30:00,120.0,True,False,1.08,330.0,7
ara2_4f79fc8d_phys_089,ara2_4f79fc8d,2026-01-23 01:45:00,2026-01-23 09:00:00,,0.0,False,True,1.45,450.0,0
ara2_4f79fc8d_phys_090,ara2_4f79fc8d,2026-01-24 05:30:00,2026-01-24 05:30:00,2026-01-24 03:30:00,120.0,True,False,2.97,15.0,8
ara2_4f79fc8d_phys_091,ara2_4f79fc8d,2026-01-24 06:00:00,2026-01-24 09:00:00,2026-01-24 04:00:00,120.0,True,False,2.38,195.0,7
ara2_4f79fc8d_phys_092,ara2_4f79fc8d,2026-01-25 07:00:00,2026-01-25 08:45:00,2026-01-25 05:00:00,120.0,True,False,2.47,120.0,8
ara2_4f79fc8d_phys_093,ara2_4f79fc8d,2026-01-27 05:30:00,2026-01-27 08:30:00,2026-01-27 03:30:00,120.0,True,False,1.88,195.0,8
ara2_4f79fc8d_phys_094,ara2_4f79fc8d,2026-01-28 04:00:00,2026-01-28 09:00:00,,0.0,False,True,1.57,315.0,0
ara2_4f79fc8d_phys_095,ara2_4f79fc8d,2026-01-28 09:45:00,2026-01-28 09:45:00,2026-01-28 09:15:00,30.0,True,False,2.84,15.0,2
ara2_4f79fc8d_phys_096,ara2_4f79fc8d,2026-01-28 10:15:00,2026-01-28 11:00:00,2026-01-28 09:15:00,60.0,True,False,1.22,60.0,3
ara2_4f79fc8d_phys_097,ara2_4f79fc8d,2026-01-29 02:45:00,2026-01-29 09:45:00,,0.0,False,True,0.71,435.0,0
ara2_4f79fc8d_phys_098,ara2_4f79fc8d,2026-01-30 01:30:00,2026-01-30 01:30:00,2026-01-29 23:30:00,120.0,True,False,2.94,15.0,8
ara2_4f79fc8d_phys_099,ara2_4f79fc8d,2026-01-30 02:00:00,2026-01-30 09:30:00,2026-01-30 00:00:00,120.0,True,False,0.88,465.0,7
ara2_573a2826_phys_100,ara2_573a2826,2026-01-23 01:30:00,2026-01-23 12:45:00,2026-01-23 00:00:00,90.0,True,False,0.19,690.0,6
ara2_573a2826_phys_101,ara2_573a2826,2026-01-23 19:15:00,2026-01-23 19:15:00,,0.0,False,True,2.45,15.0,8
ara2_573a2826_phys_102,ara2_573a2826,2026-01-24 00:15:00,2026-01-24 00:15:00,2026-01-23 22:15:00,120.0,True,False,2.54,15.0,8
ara2_573a2826_phys_103,ara2_573a2826,2026-01-24 03:30:00,2026-01-24 09:45:00,2026-01-24 01:30:00,120.0,True,False,0.77,390.0,8
ara2_573a2826_phys_104,ara2_573a2826,2026-01-24 15:00:00,2026-01-24 15:00:00,,0.0,False,True,1.97,15.0,8
ara2_573a2826_phys_105,ara2_573a2826,2026-01-25 03:30:00,2026-01-25 04:00:00,2026-01-25 01:30:00,120.0,True,False,1.22,45.0,8
ara2_573a2826_phys_106,ara2_573a2826,2026-01-25 04:45:00,2026-01-25 09:00:00,2026-01-25 02:45:00,120.0,True,False,1.01,270.0,5
ara2_573a2826_phys_107,ara2_573a2826,2026-01-26 00:45:00,2026-01-26 00:45:00,2026-01-26 00:15:00,30.0,True,False,2.01,15.0,8
ara2_573a2826_phys_108,ara2_573a2826,2026-01-26 03:30:00,2026-01-26 08:45:00,2026-01-26 01:30:00,120.0,True,False,1.58,330.0,8
ara2_573a2826_phys_109,ara2_573a2826,2026-01-27 01:45:00,2026-01-27 02:15:00,2026-01-27 00:45:00,60.0,True,False,1.1,45.0,8
ara2_573a2826_phys_110,ara2_573a2826,2026-01-29 06:45:00,2026-01-29 07:30:00,2026-01-29 06:00:00,45.0,True,False,2.79,60.0,3
ara2_573a2826_phys_111,ara2_573a2826,2026-01-29 08:00:00,2026-01-29 09:15:00,2026-01-29 06:00:00,120.0,True,False,2.65,90.0,4
ara2_573a2826_phys_112,ara2_573a2826,2026-01-30 01:30:00,2026-01-30 01:30:00,2026-01-30 00:00:00,90.0,True,False,2.16,15.0,8
ara2_573a2826_phys_113,ara2_573a2826,2026-01-30 03:00:00,2026-01-30 13:00:00,2026-01-30 01:00:00,120.0,True,False,0.38,615.0,7
ara2_573a2826_phys_114,ara2_573a2826,2026-01-30 23:15:00,2026-01-30 23:15:00,2026-01-30 21:15:00,120.0,True,False,1.62,15.0,8
ara2_6ca69422_phys_115,ara2_6ca69422,2026-01-28 06:15:00,2026-01-28 07:45:00,2026-01-28 04:15:00,120.0,True,False,2.63,105.0,8
ara2_6ca69422_phys_116,ara2_6ca69422,2026-01-28 08:15:00,2026-01-28 08:30:00,2026-01-28 08:00:00,15.0,True,False,2.42,30.0,1
ara2_6ca69422_phys_117,ara2_6ca69422,2026-01-30 06:00:00,2026-01-30 08:30:00,2026-01-30 04:00:00,120.0,True,False,2.39,165.0,8
ara2_858b914c_phys_118,ara2_858b914c,2025-12-19 07:00:07,2025-12-19 07:15:07,2025-12-19 06:00:07,60.0,True,False,2.79,30.0,4
ara2_858b914c_phys_119,ara2_858b914c,2025-12-20 05:15:08,2025-12-20 05:15:08,2025-12-20 03:15:08,120.0,True,False,2.89,15.0,8
ara2_858b914c_phys_120,ara2_858b914c,2025-12-20 06:00:07,2025-12-20 06:45:08,2025-12-20 04:00:07,120.0,True,False,1.47,60.016666666666666,7
ara2_858b914c_phys_121,ara2_858b914c,2025-12-20 07:15:08,2025-12-20 07:15:08,2025-12-20 05:30:07,105.01666666666667,True,False,1.28,15.0,3
ara2_858b914c_phys_122,ara2_858b914c,2025-12-20 08:30:08,2025-12-20 09:00:08,2025-12-20 07:00:08,90.0,True,False,0.89,45.0,5
ara2_858b914c_phys_123,ara2_858b914c,2025-12-21 01:45:08,2025-12-21 01:45:08,2025-12-20 23:45:08,120.0,True,False,2.96,15.0,8
ara2_858b914c_phys_124,ara2_858b914c,2025-12-21 03:45:08,2025-12-21 03:45:08,2025-12-21 02:00:08,105.0,True,False,2.8,15.0,7
ara2_858b914c_phys_125,ara2_858b914c,2025-12-21 05:30:08,2025-12-21 06:30:08,2025-12-21 04:00:08,90.0,True,False,1.66,75.0,7
ara2_858b914c_phys_126,ara2_858b914c,2025-12-22 09:45:08,2025-12-22 09:45:08,,0.0,False,True,2.17,15.0,0
ara2_858b914c_phys_127,ara2_858b914c,2025-12-23 03:00:09,2025-12-23 03:00:09,,0.0,False,True,2.75,15.0,8
ara2_858b914c_phys_128,ara2_858b914c,2025-12-24 07:15:09,2025-12-24 07:15:09,2025-12-24 05:15:09,120.0,True,False,2.85,15.0,8
ara2_858b914c_phys_129,ara2_858b914c,2025-12-24 08:15:09,2025-12-24 08:30:09,2025-12-24 07:00:09,75.0,True,False,2.0,30.0,7
ara2_b3d128ac_phys_130,ara2_b3d128ac,2026-01-22 05:15:00,2026-01-22 09:30:00,2026-01-22 04:15:00,60.0,True,False,1.17,270.0,4
ara2_b3d128ac_phys_131,ara2_b3d128ac,2026-01-23 04:15:00,2026-01-23 09:00:00,2026-01-23 02:15:00,120.0,True,False,1.7,300.0,8
ara2_b3d128ac_phys_132,ara2_b3d128ac,2026-01-24 04:30:00,2026-01-24 09:15:00,2026-01-24 04:00:00,30.0,True,False,1.62,300.0,2
ara2_b3d128ac_phys_133,ara2_b3d128ac,2026-01-25 02:45:00,2026-01-25 09:30:00,2026-01-25 00:45:00,120.0,True,False,1.13,420.0,8
ara2_b3d128ac_phys_134,ara2_b3d128ac,2026-01-26 02:00:00,2026-01-26 02:00:00,2026-01-26 00:00:00,120.0,True,False,2.97,15.0,8
ara2_b3d128ac_phys_135,ara2_b3d128ac,2026-01-26 02:45:00,2026-01-26 09:45:00,2026-01-26 00:45:00,120.0,True,False,0.6,435.0,5
ara2_b3d128ac_phys_136,ara2_b3d128ac,2026-01-26 23:00:00,2026-01-27 09:30:00,2026-01-26 21:00:00,120.0,True,False,0.22,645.0,8
ara2_b3d128ac_phys_137,ara2_b3d128ac,2026-01-28 02:30:00,2026-01-28 09:30:00,2026-01-28 00:30:00,120.0,True,False,0.73,435.0,8
ara2_b3d128ac_phys_138,ara2_b3d128ac,2026-01-29 00:00:00,2026-01-29 09:15:00,2026-01-28 22:00:00,120.0,True,False,0.28,570.0,8
ara2_b3d128ac_phys_139,ara2_b3d128ac,2026-01-29 09:45:00,2026-01-29 09:45:00,2026-01-29 09:30:00,15.0,True,False,2.96,15.0,1
ara2_b3d128ac_phys_140,ara2_b3d128ac,2026-01-30 03:00:00,2026-01-30 09:30:00,2026-01-30 01:00:00,120.0,True,False,0.79,405.0,8
ara2_c9cdacda_phys_141,ara2_c9cdacda,2026-01-22 03:00:19,2026-01-22 03:00:19,2026-01-22 01:00:20,119.98333333333333,True,False,1.59,15.0,8
ara2_c9cdacda_phys_142,ara2_c9cdacda,2026-01-22 04:00:19,2026-01-22 08:45:20,2026-01-22 02:00:19,120.0,True,False,1.92,300.01666666666665,7
ara2_c9cdacda_phys_143,ara2_c9cdacda,2026-01-23 01:30:20,2026-01-23 01:30:20,2026-01-22 23:30:20,120.0,True,False,2.88,15.0,8
ara2_c9cdacda_phys_144,ara2_c9cdacda,2026-01-23 02:15:20,2026-01-23 02:15:20,2026-01-23 00:30:20,105.0,True,False,2.91,15.0,7
ara2_c9cdacda_phys_145,ara2_c9cdacda,2026-01-23 02:45:20,2026-01-23 02:45:20,2026-01-23 00:45:20,120.0,True,False,2.84,15.0,6
ara2_c9cdacda_phys_146,ara2_c9cdacda,2026-01-23 03:15:20,2026-01-23 09:00:20,2026-01-23 01:15:20,120.0,True,False,1.59,360.0,5
ara2_c9cdacda_phys_147,ara2_c9cdacda,2026-01-24 07:00:21,2026-01-24 08:45:21,2026-01-24 05:00:21,120.0,True,False,2.4,120.0,8
ara2_c9cdacda_phys_148,ara2_c9cdacda,2026-01-25 07:00:21,2026-01-25 08:45:21,2026-01-25 05:00:21,120.0,True,False,2.36,120.0,8
ara2_c9cdacda_phys_149,ara2_c9cdacda,2026-01-25 09:15:21,2026-01-25 09:15:21,2026-01-25 09:00:21,15.0,True,False,2.77,15.0,1
ara2_c9cdacda_phys_150,ara2_c9cdacda,2026-01-26 01:15:21,2026-01-26 01:15:21,2026-01-25 23:15:21,120.0,True,False,2.13,15.0,8
ara2_c9cdacda_phys_151,ara2_c9cdacda,2026-01-26 03:15:21,2026-01-26 03:15:21,2026-01-26 01:30:21,105.0,True,False,2.72,15.0,7
ara2_c9cdacda_phys_152,ara2_c9cdacda,2026-01-26 03:45:21,2026-01-26 03:45:21,2026-01-26 01:45:21,120.0,True,False,2.97,15.0,7
ara2_c9cdacda_phys_153,ara2_c9cdacda,2026-01-26 04:15:21,2026-01-26 08:45:21,2026-01-26 02:15:21,120.0,True,False,1.97,285.0,6
ara2_c9cdacda_phys_154,ara2_c9cdacda,2026-01-27 00:15:22,2026-01-27 00:15:22,2026-01-26 22:15:22,120.0,True,False,2.1,15.0,8
ara2_c9cdacda_phys_155,ara2_c9cdacda,2026-01-27 01:30:22,2026-01-27 01:45:22,2026-01-26 23:30:22,120.0,True,False,1.78,30.0,7
ara2_c9cdacda_phys_156,ara2_c9cdacda,2026-01-27 02:15:22,2026-01-27 04:15:22,2026-01-27 00:30:22,105.0,True,False,2.62,135.0,5
ara2_c9cdacda_phys_157,ara2_c9cdacda,2026-01-27 04:45:22,2026-01-27 05:00:22,,0.0,False,True,2.8,30.0,0
ara2_c9cdacda_phys_158,ara2_c9cdacda,2026-01-27 05:30:22,2026-01-27 09:00:22,2026-01-27 05:15:22,15.0,True,False,1.45,225.0,1
ara2_c9cdacda_phys_159,ara2_c9cdacda,2026-01-28 03:00:22,2026-01-28 09:15:22,2026-01-28 01:00:22,120.0,True,False,1.43,390.0,8
ara2_c9cdacda_phys_160,ara2_c9cdacda,2026-01-29 05:45:23,2026-01-29 09:00:22,2026-01-29 04:00:22,105.01666666666667,True,False,2.24,209.98333333333332,7
ara2_c9cdacda_phys_161,ara2_c9cdacda,2026-01-30 04:45:23,2026-01-30 09:00:23,2026-01-30 02:45:23,120.0,True,False,1.75,270.0,8
ara2_c9cdacda_phys_162,ara2_c9cdacda,2026-01-30 11:00:23,2026-01-30 11:00:23,2026-01-30 09:15:23,105.0,True,False,2.18,15.0,7
ara2_ca187575_phys_163,ara2_ca187575,2026-01-13 14:30:00,2026-01-13 14:30:00,,0.0,False,True,1.28,15.0,8
ara2_ca187575_phys_164,ara2_ca187575,2026-01-14 00:00:00,2026-01-14 00:00:00,,0.0,False,True,2.54,15.0,8
ara2_ca187575_phys_165,ara2_ca187575,2026-01-14 04:45:00,2026-01-14 11:00:00,,0.0,False,True,0.47,390.0,0
ara2_ca187575_phys_166,ara2_ca187575,2026-01-15 06:15:00,2026-01-15 06:30:00,2026-01-15 04:45:00,90.0,True,False,1.87,30.0,8
ara2_ca187575_phys_167,ara2_ca187575,2026-01-15 07:00:00,2026-01-15 08:00:00,2026-01-15 05:30:00,90.0,True,False,1.61,75.0,6
ara2_ca187575_phys_168,ara2_ca187575,2026-01-16 00:00:00,2026-01-16 00:00:00,,0.0,False,True,1.9,15.0,2
ara2_ca187575_phys_169,ara2_ca187575,2026-01-16 05:45:00,2026-01-16 05:45:00,,0.0,False,True,1.43,15.0,8
ara2_ca187575_phys_170,ara2_ca187575,2026-01-16 08:15:00,2026-01-16 08:15:00,2026-01-16 07:00:00,75.0,True,False,0.46,15.0,8
ara2_ca187575_phys_171,ara2_ca187575,2026-01-17 04:00:00,2026-01-17 04:00:00,2026-01-17 03:00:00,60.0,True,False,2.25,15.0,8
ara2_ca187575_phys_172,ara2_ca187575,2026-01-17 05:30:00,2026-01-17 06:00:00,2026-01-17 04:15:00,75.0,True,False,2.54,45.0,7
ara2_ca187575_phys_173,ara2_ca187575,2026-01-17 07:30:00,2026-01-17 07:30:00,2026-01-17 06:15:00,75.0,True,False,2.98,15.0,5
ara2_ca187575_phys_174,ara2_ca187575,2026-01-18 00:15:00,2026-01-18 12:15:00,2026-01-17 22:15:00,120.0,True,False,0.19,735.0,8
ara2_ca187575_phys_175,ara2_ca187575,2026-01-19 06:00:00,2026-01-19 09:30:00,2026-01-19 05:00:00,60.0,True,False,2.27,225.0,4
ara2_ca187575_phys_176,ara2_ca187575,2026-01-20 03:30:00,2026-01-20 10:15:00,2026-01-20 02:30:00,60.0,True,False,1.03,420.0,4
ara2_ca187575_phys_177,ara2_ca187575,2026-01-21 00:30:00,2026-01-21 00:45:00,,0.0,False,True,2.9,30.0,0
ara2_ca187575_phys_178,ara2_ca187575,2026-01-21 02:15:00,2026-01-21 09:00:00,2026-01-21 02:00:00,15.0,True,False,1.18,420.0,1
ara2_ca187575_phys_179,ara2_ca187575,2026-01-22 03:00:00,2026-01-22 08:45:00,2026-01-22 01:00:00,120.0,True,False,0.47,360.0,8
ara2_ca187575_phys_180,ara2_ca187575,2026-01-22 10:00:00,2026-01-22 10:00:00,2026-01-22 09:00:00,60.0,True,False,0.65,15.0,4
ara2_d52ddb31_phys_181,ara2_d52ddb31,2026-01-20 04:30:00,2026-01-20 05:00:00,,0.0,False,True,2.83,45.0,0
ara2_d52ddb31_phys_182,ara2_d52ddb31,2026-01-20 07:15:00,2026-01-20 07:45:00,2026-01-20 05:15:00,120.0,True,False,2.84,45.0,8
ara2_d52ddb31_phys_183,ara2_d52ddb31,2026-01-21 00:45:00,2026-01-21 09:00:00,2026-01-20 23:15:00,90.0,True,False,0.83,510.0,8
ara2_d52ddb31_phys_184,ara2_d52ddb31,2026-01-22 01:00:00,2026-01-22 09:45:00,2026-01-21 23:45:00,75.0,True,False,0.43,540.0,5
ara2_d52ddb31_phys_185,ara2_d52ddb31,2026-01-22 10:45:00,2026-01-22 11:15:00,,0.0,False,True,1.73,45.0,0
ara2_d52ddb31_phys_186,ara2_d52ddb31,2026-01-22 23:15:00,2026-01-23 12:00:00,2026-01-22 21:45:00,90.0,True,False,0.16,780.0,8
ara2_d52ddb31_phys_187,ara2_d52ddb31,2026-01-24 04:30:00,2026-01-24 04:45:00,2026-01-24 03:45:00,45.0,True,False,2.41,30.0,8
ara2_d52ddb31_phys_188,ara2_d52ddb31,2026-01-24 06:45:00,2026-01-24 08:15:00,2026-01-24 05:00:00,105.0,True,False,2.4,105.0,7
ara2_d52ddb31_phys_189,ara2_d52ddb31,2026-01-24 08:45:00,2026-01-24 08:45:00,2026-01-24 08:30:00,15.0,True,False,2.91,15.0,1
ara2_d52ddb31_phys_190,ara2_d52ddb31,2026-01-24 09:15:00,2026-01-24 10:00:00,2026-01-24 08:30:00,45.0,True,False,2.33,60.0,2
ara2_d52ddb31_phys_191,ara2_d52ddb31,2026-01-25 03:30:00,2026-01-25 09:15:00,,0.0,False,True,1.23,360.0,0
ara2_d52ddb31_phys_192,ara2_d52ddb31,2026-01-25 09:45:00,2026-01-25 10:15:00,2026-01-25 09:30:00,15.0,True,False,2.27,45.0,1
ara2_d52ddb31_phys_193,ara2_d52ddb31,2026-01-26 04:00:00,2026-01-26 08:45:00,2026-01-26 02:30:00,90.0,True,False,1.47,300.0,6
ara2_d52ddb31_phys_194,ara2_d52ddb31,2026-01-26 10:00:00,2026-01-26 10:00:00,,0.0,False,True,2.88,15.0,0
ara2_d52ddb31_phys_195,ara2_d52ddb31,2026-01-26 23:30:00,2026-01-27 09:15:00,2026-01-26 21:30:00,120.0,True,False,0.24,600.0,8
ara2_d52ddb31_phys_196,ara2_d52ddb31,2026-01-27 09:45:00,2026-01-27 11:15:00,2026-01-27 09:30:00,15.0,True,False,2.24,105.0,1
ara2_d52ddb31_phys_197,ara2_d52ddb31,2026-01-28 01:00:00,2026-01-28 09:45:00,,0.0,False,True,0.4,540.0,0
ara2_d52ddb31_phys_198,ara2_d52ddb31,2026-01-29 01:00:00,2026-01-29 09:45:00,2026-01-29 00:30:00,30.0,True,False,0.55,540.0,2
ara2_d52ddb31_phys_199,ara2_d52ddb31,2026-01-29 12:15:00,2026-01-29 12:15:00,,0.0,False,True,2.36,15.0,0
ara2_d52ddb31_phys_200,ara2_d52ddb31,2026-01-30 03:30:00,2026-01-30 09:15:00,2026-01-30 01:30:00,120.0,True,False,1.5,360.0,8
ara2_d52ddb31_phys_201,ara2_d52ddb31,2026-01-30 23:30:00,2026-01-30 23:45:00,2026-01-30 21:30:00,120.0,True,False,2.61,30.0,8
