filename,pond_id,rows,earliest_timestamp,latest_timestamp,duration_days,duration_str,unique_timestamps,duplicate_timestamps,expected_interval_min,median_interval,pct_close_15min,gaps_gt_20min,max_gap,missing_do,missing_ph,missing_temp,zero_do,zero_ph,zero_temp,min_do,max_do,mean_do,median_do,min_ph,max_ph,mean_ph,median_ph,min_temp,max_temp,mean_temp,median_temp
ara2_0677080b.csv,ara2_0677080b,3042,2025-12-14 02:15:00,2026-01-30 23:45:00,47.9,47 days 21:30:00,3042,0,15.0,0 days 00:15:00,97.93,63,7 days 15:15:00,0,0,0,1,1,1,0.0,20.23,5.5,4.34,0.0,8.84,8.52,8.51,0.0,29.8,25.94,26.0
ara2_0f143c64.csv,ara2_0f143c64,4470,2025-12-13 23:30:00,2026-01-30 23:45:00,48.01,48 days 00:15:00,4470,0,15.0,0 days 00:15:00,97.9,94,0 days 07:00:00,0,0,0,1,1,1,0.0,20.84,9.13,8.57,0.0,9.02,8.67,8.68,0.0,29.7,26.07,26.0
ara2_148f1633.csv,ara2_148f1633,2298,2026-01-04 08:15:00,2026-01-30 23:45:12,26.65,26 days 15:30:12,2298,0,15.0,0 days 00:15:00,95.65,98,0 days 03:15:00,0,0,0,1,1,1,0.0,21.67,7.52,6.76,0.0,9.07,8.43,8.44,0.0,28.6,26.29,26.4
ara2_176528d3.csv,ara2_176528d3,4149,2025-12-14 02:15:00,2026-01-30 23:45:00,47.9,47 days 21:30:00,4149,0,15.0,0 days 00:15:00,96.19,158,0 days 07:15:00,0,0,0,1,1,1,0.0,20.59,5.75,4.86,0.0,8.85,8.65,8.65,0.0,28.2,25.66,25.6
ara2_29660d32.csv,ara2_29660d32,5592,2025-11-28 21:30:00,2026-01-30 23:45:00,63.09,63 days 02:15:00,5592,0,15.0,0 days 00:15:00,97.51,138,2 days 06:44:58,0,0,0,2,1,1,0.0,19.91,5.36,4.48,0.0,9.02,8.13,8.12,0.0,29.7,25.91,26.0
ara2_3b2f3973.csv,ara2_3b2f3973,4930,2025-11-30 05:00:02,2026-01-30 23:45:00,61.78,61 days 18:44:58,4930,0,15.0,0 days 00:15:00,99.19,40,9 days 17:45:00,0,0,0,4,5,3,0.0,24.48,8.98,8.31,0.0,8.98,8.27,8.28,0.0,28.8,26.15,26.1
ara2_3eab831e.csv,ara2_3eab831e,5584,2025-11-29 16:15:01,2026-01-30 23:45:39,62.31,62 days 07:30:38,5584,0,15.0,0 days 00:15:00,96.26,209,0 days 07:15:01,0,0,0,21,3,3,0.0,20.87,6.76,5.65,0.0,9.08,8.9,8.9,0.0,28.7,25.77,25.8
ara2_3ed4df8e.csv,ara2_3ed4df8e,4665,2025-12-13 16:30:05,2026-01-30 23:45:00,48.3,48 days 07:14:55,4441,224,15.0,0 days 00:15:00,93.89,61,0 days 19:00:00,0,0,0,96,3,96,0.0,25.56,6.82,5.51,0.0,9.24,8.29,8.36,0.0,28.6,25.39,25.9
ara2_45e1cde5.csv,ara2_45e1cde5,4414,2025-12-14 01:30:00,2026-01-30 23:45:00,47.93,47 days 22:15:00,4414,0,15.0,0 days 00:15:00,96.96,134,0 days 07:15:00,0,0,0,1,1,1,0.0,22.35,7.53,6.89,0.0,8.58,8.39,8.38,0.0,33.5,25.94,26.0
ara2_4f79fc8d.csv,ara2_4f79fc8d,4436,2025-12-14 01:30:00,2026-01-30 23:45:00,47.93,47 days 22:15:00,4436,0,15.0,0 days 00:15:00,97.61,106,0 days 07:15:00,0,0,0,1,1,1,0.0,22.42,6.98,5.79,0.0,9.01,8.67,8.65,0.0,28.9,25.85,25.9
ara2_573a2826.csv,ara2_573a2826,4480,2025-12-14 00:00:00,2026-01-30 23:45:00,47.99,47 days 23:45:00,4480,0,15.0,0 days 00:15:00,98.5,67,0 days 07:00:00,0,0,0,0,0,0,0.06,22.54,6.34,4.64,8.38,9.07,8.55,8.54,22.9,29.0,25.84,25.9
ara2_6ca69422.csv,ara2_6ca69422,3776,2025-12-17 05:30:00,2026-01-30 23:45:00,44.76,44 days 18:15:00,3742,34,15.0,0 days 00:15:00,97.17,73,3 days 21:30:00,0,0,0,1,1,1,0.0,21.93,7.66,6.8,0.0,9.2,8.45,8.45,0.0,32.4,26.21,26.2
ara2_858b914c.csv,ara2_858b914c,2338,2025-11-28 22:00:01,2025-12-24 16:00:09,25.75,25 days 18:00:08,2338,0,15.0,0 days 00:15:00,98.67,31,0 days 08:15:00,0,0,0,0,0,0,0.89,16.57,7.33,6.28,6.77,8.65,8.18,8.14,23.4,29.6,26.22,26.1
ara2_b3d128ac.csv,ara2_b3d128ac,4435,2025-12-14 01:15:00,2026-01-30 23:45:00,47.94,47 days 22:30:00,4435,0,15.0,0 days 00:15:00,97.34,118,0 days 07:30:00,0,0,0,0,1,0,0.02,20.62,5.61,5.25,0.0,8.93,8.75,8.74,23.7,36.0,25.85,25.9
ara2_c9cdacda.csv,ara2_c9cdacda,5477,2025-12-03 13:01:00,2026-01-30 23:45:23,58.45,58 days 10:44:23,5477,0,15.0,0 days 00:15:00,98.72,70,0 days 07:15:00,0,0,0,0,0,0,0.18,19.48,8.33,7.94,7.46,8.69,8.31,8.31,23.8,29.6,26.12,26.1
ara2_ca187575.csv,ara2_ca187575,4206,2025-12-13 23:45:00,2026-01-30 23:45:00,48.0,48 days 00:00:00,4206,0,15.0,0 days 00:15:00,97.81,92,3 days 01:15:00,0,0,0,0,495,0,0.13,21.31,7.02,6.44,0.0,8.87,7.53,8.51,23.6,31.4,26.19,26.2
ara2_d52ddb31.csv,ara2_d52ddb31,4458,2025-12-14 01:15:00,2026-01-30 23:45:00,47.94,47 days 22:30:00,4458,0,15.0,0 days 00:15:00,97.91,93,0 days 07:15:00,0,0,0,1,1,1,0.0,19.97,6.92,5.88,0.0,8.8,8.46,8.45,0.0,28.6,26.31,26.3
