pond_id,total_rows,flagged_rows,pct_flagged,multi_flag_rows,zero_do_count,zero_ph_count,zero_temp_count,flag_time_gap_>20min,flag_DO_<0.1,flag_DO_jump_>2,flag_DO_>10_before_noon,flag_pH_out_of_range,flag_pH_jump_>1
ara2_ca187575,4206,853,20.28,94,0,495,0,177,0,250,31,495,0
ara2_573a2826,4480,765,17.08,17,0,0,0,127,31,624,0,0,0
ara2_148f1633,2298,364,15.84,12,1,1,1,177,1,124,72,1,3
ara2_3eab831e,5584,813,14.56,27,21,3,3,378,49,362,47,3,7
ara2_3b2f3973,4930,715,14.5,35,4,5,3,77,11,203,452,5,6
ara2_3ed4df8e,4665,558,11.96,27,96,3,96,122,97,197,143,16,12
ara2_176528d3,4149,488,11.76,11,1,1,1,293,15,175,13,1,5
ara2_45e1cde5,4414,485,10.99,13,1,1,1,259,1,204,34,1,2
ara2_0f143c64,4470,486,10.87,23,1,1,1,183,1,143,179,1,5
ara2_6ca69422,3776,376,9.96,17,1,1,1,136,12,204,34,1,8
ara2_d52ddb31,4458,387,8.68,10,1,1,1,180,12,196,1,1,9
ara2_b3d128ac,4435,360,8.12,11,0,1,0,229,24,99,15,1,3
ara2_29660d32,5592,423,7.56,16,2,1,1,266,3,136,17,13,5
ara2_4f79fc8d,4436,333,7.51,14,1,1,1,210,1,132,2,1,3
ara2_c9cdacda,5477,396,7.23,18,0,0,0,135,0,133,146,0,0
ara2_0677080b,3042,219,7.2,6,1,1,1,119,14,86,3,1,3
ara2_858b914c,2338,124,5.3,2,0,0,0,48,0,70,4,0,4
