pond_id,total_examples,train_examples,purged_examples,test_examples,t_min,t_purge_start,t_cutoff,t_max,train_pos,train_pos_rate,test_pos,test_pos_rate
ara2_0677080b,1484,1179,8,297,2025-12-14 09:00:00,2026-01-25 22:21:00,2026-01-26 00:21:00,2026-01-30 21:00:00,197,0.1670907548770144,44,0.14814814814814814
ara2_0f143c64,3145,2513,3,629,2025-12-14 04:15:00,2026-01-21 10:48:00,2026-01-21 12:48:00,2026-01-30 21:45:00,107,0.04257859132510943,2,0.003179650238473768
ara2_148f1633,1328,1055,7,266,2026-01-04 10:15:00,2026-01-25 10:48:09,2026-01-25 12:48:09,2026-01-30 13:45:11,85,0.08056872037914692,45,0.16917293233082706
ara2_176528d3,1872,1489,8,375,2025-12-14 04:15:00,2026-01-20 17:27:00,2026-01-20 19:27:00,2026-01-30 17:45:00,331,0.22229684351914036,74,0.19733333333333333
ara2_29660d32,2462,1961,8,493,2025-11-28 23:30:00,2026-01-20 11:42:00,2026-01-20 13:42:00,2026-01-30 21:45:00,326,0.16624171341152474,83,0.16835699797160245
ara2_3b2f3973,3648,2910,8,730,2025-11-30 07:15:00,2026-01-22 20:54:00,2026-01-22 22:54:00,2026-01-30 21:45:00,252,0.0865979381443299,0,0.0
ara2_3eab831e,2857,2277,8,572,2025-11-29 19:30:00,2026-01-21 16:12:33,2026-01-21 18:12:33,2026-01-30 18:30:39,414,0.18181818181818182,68,0.11888111888111888
ara2_3ed4df8e,2347,1877,0,470,2025-12-13 18:30:05,2026-01-23 01:21:00,2026-01-23 03:21:00,2026-01-30 21:45:00,231,0.12306872669152903,47,0.1
ara2_45e1cde5,2425,1932,8,485,2025-12-14 03:30:00,2026-01-20 23:03:00,2026-01-21 01:03:00,2026-01-30 21:45:00,235,0.12163561076604555,24,0.049484536082474224
ara2_4f79fc8d,2298,1830,8,460,2025-12-14 03:30:00,2026-01-21 11:39:00,2026-01-21 13:39:00,2026-01-30 21:45:00,210,0.11475409836065574,48,0.10434782608695652
ara2_573a2826,2324,1852,7,465,2025-12-14 03:15:00,2026-01-22 21:51:00,2026-01-22 23:51:00,2026-01-30 23:00:00,468,0.2526997840172786,97,0.2086021505376344
ara2_6ca69422,2318,1846,8,464,2025-12-17 07:30:00,2026-01-25 07:09:00,2026-01-25 09:09:00,2026-01-30 20:45:00,281,0.15222101841820151,17,0.036637931034482756
ara2_858b914c,1821,1448,8,365,2025-11-29 00:00:01,2025-12-19 04:00:07,2025-12-19 06:00:07,2025-12-24 14:00:09,158,0.10911602209944751,59,0.16164383561643836
ara2_b3d128ac,2184,1747,0,437,2025-12-14 03:15:00,2026-01-21 03:39:00,2026-01-21 05:39:00,2026-01-30 21:45:00,230,0.1316542644533486,63,0.14416475972540047
ara2_c9cdacda,4170,3328,8,834,2025-12-03 15:00:00,2026-01-18 15:33:18,2026-01-18 17:33:18,2026-01-30 21:45:23,178,0.05348557692307692,102,0.1223021582733813
ara2_ca187575,2045,1629,7,409,2025-12-14 08:15:00,2026-01-13 09:48:00,2026-01-13 11:48:00,2026-01-22 15:00:00,191,0.1172498465316145,90,0.2200488997555012
ara2_d52ddb31,2549,2035,4,510,2025-12-14 03:15:00,2026-01-19 12:51:00,2026-01-19 14:51:00,2026-01-30 23:15:00,325,0.1597051597051597,80,0.1568627450980392
