trial_id,feature_config,num_features,description,n_estimators,max_depth,learning_rate,min_child_weight,subsample,colsample_bytree,gamma,reg_alpha,reg_lambda,scale_pos_weight,mean_val_pr_auc,std_val_pr_auc,mean_val_roc_auc,std_val_roc_auc,mean_val_f1,mean_val_recall,mean_val_precision,mean_val_specificity,oof_pr_auc,oof_roc_auc,oof_f1,oof_recall,oof_precision,oof_specificity,oof_accuracy
T00_baseline,config_c_baseline,11,"Baseline Config C (depth=6, lr=0.1, n_est=100, spw=auto)",100,6,0.1,1,1.0,1.0,0.0,0.0,1.0,6.8,0.7352,0.0474,0.9148,0.0201,0.6168,0.7788,0.518,0.8963,0.7295,0.9078,0.6232,0.7732,0.522,0.8959,0.8802
T_feat_ablation_config_c_trends,config_c_trends,15,Feature ablation: config_c_trends with baseline hyperparameters,100,6,0.1,1,1.0,1.0,0.0,0.0,1.0,6.8,0.7406,0.0446,0.9154,0.0207,0.6169,0.7751,0.5195,0.8977,0.7351,0.9087,0.6231,0.7682,0.5241,0.8974,0.8808
T_feat_ablation_config_c_accel,config_c_accel,16,Feature ablation: config_c_accel with baseline hyperparameters,100,6,0.1,1,1.0,1.0,0.0,0.0,1.0,6.8,0.7396,0.0475,0.9143,0.0213,0.6203,0.7743,0.5243,0.8997,0.7336,0.9078,0.6263,0.7682,0.5287,0.8993,0.8825
T_feat_ablation_config_c_all,config_c_all,21,Feature ablation: config_c_all with baseline hyperparameters,100,6,0.1,1,1.0,1.0,0.0,0.0,1.0,6.8,0.7381,0.05,0.9155,0.0207,0.6192,0.7803,0.5202,0.897,0.7327,0.9091,0.6255,0.7751,0.5243,0.8966,0.881
T_c_grid_001,config_c_baseline,11,"Config C: depth=4, lr=0.05, n_est=150, mcw=3",150,4,0.05,3,1.0,1.0,0.3,0.1,0.5,8.1599,0.7336,0.0557,0.916,0.0214,0.5815,0.8233,0.4543,0.8584,0.7262,0.9088,0.5881,0.8187,0.4589,0.858,0.853
T_c_grid_002,config_c_baseline,11,"Config C: depth=4, lr=0.05, n_est=150, mcw=5",150,4,0.05,5,0.8,0.8,0.1,0.05,0.5,5.44,0.7367,0.0539,0.9174,0.0207,0.6175,0.7902,0.5118,0.8924,0.729,0.9102,0.6243,0.7862,0.5176,0.8923,0.8787
T_c_grid_003,config_c_baseline,11,"Config C: depth=4, lr=0.08, n_est=100, mcw=1",100,4,0.08,1,1.0,1.0,0.1,0.5,2.0,6.8,0.7331,0.056,0.9162,0.0212,0.5995,0.8067,0.4822,0.8762,0.7271,0.9092,0.6062,0.8018,0.4873,0.8759,0.8664
T_c_grid_004,config_c_baseline,11,"Config C: depth=4, lr=0.08, n_est=100, mcw=3",100,4,0.08,3,0.8,1.0,0.5,0.1,0.5,8.1599,0.7354,0.0545,0.9175,0.0202,0.5798,0.8267,0.4514,0.8558,0.7279,0.9106,0.586,0.8215,0.4554,0.8555,0.8512
T_c_grid_005,config_c_baseline,11,"Config C: depth=4, lr=0.08, n_est=150, mcw=5",150,4,0.08,5,0.7,0.8,0.1,0.05,0.5,6.8,0.7377,0.0532,0.9176,0.0194,0.6011,0.8119,0.4823,0.8751,0.7323,0.9112,0.6076,0.8075,0.487,0.8749,0.8663
T_c_grid_006,config_c_baseline,11,"Config C: depth=4, lr=0.08, n_est=200, mcw=1",200,4,0.08,1,1.0,1.0,0.5,0.0,2.0,8.1599,0.7346,0.0538,0.9161,0.0209,0.5852,0.8191,0.4604,0.8623,0.7282,0.9093,0.5915,0.8144,0.4644,0.8619,0.8558
T_c_grid_007,config_c_baseline,11,"Config C: depth=4, lr=0.08, n_est=200, mcw=5",200,4,0.08,5,0.8,0.8,0.1,0.05,1.0,6.8,0.7362,0.0547,0.9175,0.0198,0.605,0.8092,0.4882,0.8785,0.7316,0.9112,0.6119,0.8059,0.4932,0.8782,0.8689
T_c_grid_008,config_c_baseline,11,"Config C: depth=4, lr=0.1, n_est=100, mcw=1",100,4,0.1,1,0.8,0.8,0.5,0.05,1.0,6.8,0.7358,0.053,0.9171,0.0208,0.6003,0.8121,0.4812,0.8745,0.7291,0.9102,0.6067,0.8075,0.4858,0.8743,0.8657
T_c_grid_009,config_c_baseline,11,"Config C: depth=5, lr=0.05, n_est=150, mcw=3",150,5,0.05,3,0.7,1.0,0.0,0.0,0.5,8.1599,0.7377,0.0526,0.9175,0.0205,0.5887,0.8178,0.4656,0.865,0.729,0.9106,0.5947,0.8128,0.4689,0.8646,0.858
T_c_grid_010,config_c_baseline,11,"Config C: depth=5, lr=0.05, n_est=200, mcw=3",200,5,0.05,3,1.0,1.0,0.3,0.0,2.0,8.1599,0.7358,0.052,0.916,0.0204,0.5921,0.8169,0.4695,0.8675,0.7303,0.9094,0.5984,0.8125,0.4736,0.8672,0.8602
T_c_grid_011,config_c_baseline,11,"Config C: depth=5, lr=0.08, n_est=100, mcw=1",100,5,0.08,1,1.0,0.8,0.0,0.5,2.0,5.44,0.7374,0.0504,0.9164,0.0199,0.6243,0.7775,0.5274,0.9005,0.7318,0.91,0.6308,0.7729,0.5328,0.9003,0.884
T_c_grid_012,config_c_baseline,11,"Config C: depth=5, lr=0.08, n_est=150, mcw=1",150,5,0.08,1,1.0,0.8,0.5,0.0,2.0,6.8,0.7372,0.0502,0.9159,0.0201,0.6129,0.7949,0.5046,0.8885,0.7317,0.9094,0.6195,0.79,0.5096,0.8882,0.8756
T_c_grid_013,config_c_baseline,11,"Config C: depth=5, lr=0.08, n_est=200, mcw=1",200,5,0.08,1,0.8,1.0,0.0,0.0,1.0,8.1599,0.7378,0.0503,0.9164,0.0212,0.5994,0.802,0.485,0.8779,0.7312,0.9094,0.6061,0.7971,0.489,0.8775,0.8672
T_c_grid_014,config_c_baseline,11,"Config C: depth=5, lr=0.1, n_est=100, mcw=5",100,5,0.1,5,0.7,1.0,0.3,0.5,2.0,5.44,0.7374,0.051,0.9175,0.0193,0.6244,0.7839,0.5244,0.8986,0.7311,0.9112,0.6311,0.7798,0.53,0.8983,0.8831
T_c_grid_015,config_c_baseline,11,"Config C: depth=5, lr=0.1, n_est=200, mcw=1",200,5,0.1,1,0.7,1.0,0.3,0.0,0.5,8.1599,0.7356,0.0469,0.9157,0.0197,0.6023,0.794,0.4918,0.8825,0.7294,0.9088,0.6089,0.7886,0.4959,0.8821,0.8701
T_c_grid_016,config_c_baseline,11,"Config C: depth=5, lr=0.1, n_est=200, mcw=3",200,5,0.1,3,0.8,0.8,0.1,0.0,1.0,5.44,0.7391,0.0488,0.9178,0.0201,0.635,0.7697,0.5464,0.9091,0.7348,0.9114,0.6415,0.7644,0.5527,0.909,0.8905
T_c_grid_017,config_c_baseline,11,"Config C: depth=5, lr=0.1, n_est=200, mcw=5",200,5,0.1,5,0.8,0.8,0.3,0.5,1.0,8.1599,0.7382,0.0474,0.9172,0.0198,0.5981,0.801,0.4831,0.8775,0.733,0.9108,0.6055,0.7969,0.4883,0.8772,0.8669
T_c_grid_018,config_c_baseline,11,"Config C: depth=6, lr=0.05, n_est=100, mcw=5",100,6,0.05,5,0.7,1.0,0.1,0.0,0.5,5.44,0.7392,0.0492,0.9175,0.0199,0.6281,0.778,0.5327,0.9027,0.7318,0.9106,0.6348,0.7734,0.5384,0.9025,0.8859
T_c_grid_019,config_c_baseline,11,"Config C: depth=6, lr=0.05, n_est=150, mcw=3",150,6,0.05,3,1.0,0.7,0.1,0.0,0.5,8.1599,0.7364,0.0496,0.9162,0.0202,0.5998,0.8038,0.4844,0.8771,0.7305,0.9093,0.606,0.799,0.4881,0.8768,0.8668
T_c_grid_020,config_c_baseline,11,"Config C: depth=6, lr=0.05, n_est=150, mcw=5",150,6,0.05,5,1.0,1.0,0.1,0.5,0.5,5.44,0.7382,0.0485,0.9163,0.0196,0.6302,0.7729,0.5384,0.9055,0.7328,0.91,0.6369,0.7684,0.5439,0.9052,0.8877
T_c_grid_021,config_c_baseline,11,"Config C: depth=6, lr=0.05, n_est=200, mcw=1",200,6,0.05,1,0.8,0.8,0.3,0.05,2.0,5.44,0.7404,0.0479,0.918,0.0197,0.6335,0.7681,0.5451,0.9087,0.7351,0.9115,0.64,0.7632,0.551,0.9085,0.8899
T_c_grid_022,config_c_baseline,11,"Config C: depth=6, lr=0.05, n_est=200, mcw=3",200,6,0.05,3,0.7,1.0,0.0,0.05,1.0,6.8,0.7397,0.0488,0.9173,0.0202,0.62,0.7914,0.5162,0.8938,0.7332,0.9106,0.6261,0.7857,0.5203,0.8935,0.8797
T_c_grid_023,config_c_baseline,11,"Config C: depth=6, lr=0.05, n_est=200, mcw=5",200,6,0.05,5,0.7,0.7,0.3,0.05,1.0,5.44,0.7405,0.0488,0.9184,0.0196,0.6345,0.7723,0.5447,0.9081,0.7353,0.9122,0.641,0.767,0.5505,0.9079,0.8898
T_c_grid_024,config_c_baseline,11,"Config C: depth=6, lr=0.08, n_est=100, mcw=5",100,6,0.08,5,1.0,1.0,0.5,0.1,0.5,8.1599,0.7361,0.0489,0.9156,0.0196,0.5975,0.8028,0.4822,0.8758,0.7301,0.9091,0.6032,0.7981,0.4849,0.8753,0.8654
T_c_grid_025,config_c_baseline,11,"Config C: depth=6, lr=0.1, n_est=100, mcw=1",100,6,0.1,1,1.0,0.8,0.5,0.0,2.0,8.1599,0.7357,0.0474,0.9156,0.0203,0.6038,0.7983,0.4918,0.8816,0.7308,0.9089,0.6102,0.7936,0.4956,0.8812,0.87
T_c_grid_026,config_c_baseline,11,"Config C: depth=6, lr=0.1, n_est=100, mcw=3",100,6,0.1,3,0.8,1.0,0.3,0.1,2.0,5.44,0.7386,0.0504,0.9174,0.0201,0.6302,0.7675,0.5414,0.9075,0.7325,0.9106,0.6368,0.7618,0.547,0.9072,0.8886
T_c_grid_027,config_c_baseline,11,"Config C: depth=6, lr=0.1, n_est=150, mcw=5",150,6,0.1,5,0.7,0.7,0.1,0.1,2.0,6.8,0.7391,0.0492,0.9173,0.0194,0.6219,0.7901,0.5189,0.8955,0.7342,0.911,0.6281,0.7841,0.5239,0.8952,0.881
T_c_grid_028,config_c_baseline,11,"Config C: depth=6, lr=0.1, n_est=200, mcw=3",200,6,0.1,3,0.8,0.7,0.5,0.5,0.5,6.8,0.7363,0.0424,0.9163,0.0194,0.628,0.7684,0.5382,0.9058,0.7319,0.9098,0.6345,0.7632,0.5429,0.9055,0.8873
T_trends_grid_029,config_c_trends,15,"Trends: depth=4, lr=0.03, n_est=250",250,4,0.03,1,1.0,1.0,0.5,0.5,2.0,6.8,0.7377,0.0538,0.9177,0.0212,0.5971,0.8047,0.4799,0.8751,0.7323,0.9105,0.6036,0.8007,0.4844,0.8747,0.8652
T_trends_grid_030,config_c_trends,15,"Trends: depth=4, lr=0.05, n_est=200",200,4,0.05,7,0.8,0.8,0.3,0.5,1.0,5.44,0.7408,0.0525,0.9184,0.0199,0.6226,0.7896,0.519,0.8953,0.7362,0.912,0.6293,0.7869,0.5243,0.895,0.8812
T_trends_grid_031,config_c_trends,15,"Trends: depth=4, lr=0.08, n_est=100",100,4,0.08,7,0.8,0.8,0.1,0.05,2.0,5.44,0.738,0.0538,0.9176,0.0205,0.6169,0.7912,0.5109,0.8918,0.7331,0.9109,0.6239,0.7881,0.5164,0.8915,0.8782
T_trends_grid_032,config_c_trends,15,"Trends: depth=4, lr=0.08, n_est=150",150,4,0.08,1,0.7,0.8,0.0,0.5,2.0,8.1599,0.7382,0.0531,0.9176,0.0199,0.5827,0.8203,0.4574,0.8602,0.7337,0.9111,0.5888,0.8154,0.4608,0.8597,0.854
T_trends_grid_033,config_c_trends,15,"Trends: depth=4, lr=0.1, n_est=100",100,4,0.1,5,0.8,1.0,0.1,0.05,1.0,6.8,0.7394,0.0532,0.918,0.0201,0.5992,0.8085,0.4814,0.8751,0.7347,0.9115,0.6057,0.8047,0.4856,0.8746,0.8657
T_trends_grid_034,config_c_trends,15,"Trends: depth=5, lr=0.05, n_est=150",150,5,0.05,7,1.0,1.0,0.5,0.0,0.5,6.8,0.7384,0.0527,0.9167,0.0213,0.6066,0.7993,0.4944,0.8829,0.7327,0.9099,0.6131,0.7954,0.4987,0.8824,0.8713
T_trends_grid_035,config_c_trends,15,"Trends: depth=5, lr=0.08, n_est=150",150,5,0.08,7,0.7,0.7,0.1,0.0,2.0,8.1599,0.7395,0.0499,0.9179,0.0196,0.5901,0.8118,0.4696,0.8685,0.7353,0.9118,0.5966,0.8066,0.4734,0.868,0.8602
T_trends_grid_036,config_c_trends,15,"Trends: depth=5, lr=0.08, n_est=250",250,5,0.08,1,0.7,1.0,0.0,0.5,2.0,6.8,0.7417,0.0479,0.9174,0.0195,0.6227,0.7793,0.5252,0.8995,0.7371,0.9109,0.6292,0.7736,0.5302,0.8992,0.8831
T_trends_grid_037,config_c_trends,15,"Trends: depth=6, lr=0.03, n_est=100",100,6,0.03,7,1.0,0.8,0.3,0.05,2.0,8.1599,0.7394,0.0505,0.9176,0.0214,0.5861,0.8119,0.4641,0.8653,0.7306,0.9102,0.5924,0.8075,0.4678,0.8649,0.8575
T_trends_grid_038,config_c_trends,15,"Trends: depth=6, lr=0.03, n_est=150",150,6,0.03,3,0.7,0.7,0.0,0.1,1.0,8.1599,0.7427,0.051,0.9188,0.0199,0.5932,0.8106,0.474,0.8704,0.7358,0.912,0.599,0.8059,0.4767,0.8699,0.8617
T_trends_grid_039,config_c_trends,15,"Trends: depth=6, lr=0.03, n_est=200",200,6,0.03,5,0.8,1.0,0.1,0.0,0.5,6.8,0.7437,0.0486,0.9185,0.0202,0.6119,0.793,0.5051,0.8886,0.7373,0.9121,0.6183,0.7876,0.509,0.8882,0.8753
T_trends_grid_040,config_c_trends,15,"Trends: depth=6, lr=0.03, n_est=250",250,6,0.03,7,0.7,0.7,0.5,0.5,1.0,6.8,0.7428,0.0515,0.919,0.0196,0.6152,0.7956,0.5075,0.8895,0.7375,0.9128,0.6216,0.7909,0.512,0.8892,0.8766
T_trends_grid_041,config_c_trends,15,"Trends: depth=6, lr=0.05, n_est=250",250,6,0.05,5,1.0,0.8,0.3,0.0,1.0,8.1599,0.7416,0.0477,0.9161,0.0212,0.6074,0.792,0.4994,0.8864,0.737,0.9095,0.6142,0.7869,0.5036,0.8859,0.8733
T_trends_grid_042,config_c_trends,15,"Trends: depth=6, lr=0.08, n_est=250",250,6,0.08,3,0.8,1.0,0.1,0.1,0.5,5.44,0.7407,0.0432,0.9156,0.0202,0.6484,0.7349,0.5874,0.9268,0.7372,0.9091,0.6543,0.7286,0.5937,0.9267,0.9013
T_trends_grid_043,config_c_trends,15,"Trends: depth=6, lr=0.1, n_est=150",150,6,0.1,7,0.7,1.0,0.5,0.05,0.5,6.8,0.7404,0.047,0.916,0.0197,0.623,0.776,0.5272,0.9005,0.7356,0.9098,0.6291,0.7706,0.5315,0.9001,0.8835
T_trends_grid_044,config_c_trends,15,"Trends: depth=7, lr=0.05, n_est=150",150,7,0.05,7,0.8,1.0,0.1,0.0,1.0,5.44,0.7442,0.0467,0.918,0.0201,0.6386,0.7609,0.5571,0.9141,0.7399,0.9118,0.6449,0.7552,0.5628,0.9137,0.8934
T_trends_grid_045,config_c_trends,15,"Trends: depth=7, lr=0.05, n_est=200",200,7,0.05,5,0.7,0.7,0.0,0.05,1.0,5.44,0.7438,0.0471,0.9186,0.02,0.6447,0.7546,0.5695,0.9188,0.7394,0.9124,0.6508,0.7495,0.575,0.9185,0.8969
T_trends_grid_046,config_c_trends,15,"Trends: depth=7, lr=0.08, n_est=100",100,7,0.08,3,0.7,0.7,0.0,0.0,0.5,8.1599,0.7411,0.0473,0.9175,0.0199,0.6152,0.785,0.5128,0.8934,0.7352,0.9111,0.6211,0.7779,0.5169,0.8931,0.8783
T_trends_grid_047,config_c_trends,15,"Trends: depth=7, lr=0.1, n_est=100",100,7,0.1,3,1.0,0.7,0.1,0.0,0.5,6.8,0.7409,0.0459,0.9165,0.02,0.6327,0.7596,0.5492,0.9112,0.7363,0.9098,0.6391,0.754,0.5546,0.9109,0.8908
T_trends_grid_048,config_c_trends,15,"Trends: depth=7, lr=0.1, n_est=150",150,7,0.1,5,0.7,0.8,0.1,0.05,0.5,6.8,0.7377,0.0462,0.9152,0.0198,0.6374,0.7503,0.561,0.9166,0.733,0.9088,0.6432,0.744,0.5665,0.9163,0.8942
T_accel_grid_049,config_c_accel,16,"Accel: depth=4, lr=0.03, n_est=250",250,4,0.03,3,0.7,0.8,0.5,0.1,1.0,6.8,0.7423,0.0526,0.9193,0.02,0.5975,0.8119,0.4779,0.8732,0.7373,0.9125,0.6043,0.8075,0.4829,0.8728,0.8644
T_accel_grid_050,config_c_accel,16,"Accel: depth=5, lr=0.03, n_est=100",100,5,0.03,1,1.0,1.0,0.0,0.5,2.0,5.44,0.7357,0.053,0.9165,0.0221,0.6194,0.7833,0.5177,0.8961,0.7265,0.9087,0.6262,0.7791,0.5235,0.8957,0.8808
T_accel_grid_051,config_c_accel,16,"Accel: depth=5, lr=0.03, n_est=250",250,5,0.03,1,1.0,0.8,0.1,0.0,2.0,6.8,0.7419,0.0519,0.918,0.0207,0.6079,0.7985,0.4963,0.8841,0.7355,0.911,0.6145,0.7943,0.501,0.8837,0.8722
T_accel_grid_052,config_c_accel,16,"Accel: depth=5, lr=0.05, n_est=150",150,5,0.05,7,0.7,0.8,0.1,0.05,1.0,6.8,0.7435,0.0507,0.9186,0.0199,0.6043,0.8007,0.4909,0.8813,0.7385,0.9123,0.6109,0.7962,0.4956,0.8808,0.87
T_accel_grid_053,config_c_accel,16,"Accel: depth=5, lr=0.05, n_est=200",200,5,0.05,5,0.8,0.7,0.1,0.0,2.0,5.44,0.7435,0.0505,0.9183,0.0195,0.6285,0.7789,0.532,0.9022,0.7386,0.9122,0.635,0.7755,0.5375,0.9019,0.8857
T_accel_grid_054,config_c_accel,16,"Accel: depth=5, lr=0.05, n_est=250",250,5,0.05,1,0.7,0.7,0.0,0.5,1.0,5.44,0.7426,0.0506,0.9183,0.0195,0.6289,0.7689,0.5376,0.9059,0.7381,0.9119,0.6359,0.7653,0.544,0.9056,0.8877
T_accel_grid_055,config_c_accel,16,"Accel: depth=6, lr=0.05, n_est=100",100,6,0.05,1,0.7,0.8,0.5,0.5,0.5,6.8,0.7429,0.0507,0.9178,0.0206,0.6105,0.7898,0.5038,0.8889,0.7361,0.9111,0.6171,0.7845,0.5085,0.8885,0.8752
T_accel_grid_056,config_c_accel,16,"Accel: depth=6, lr=0.05, n_est=150",150,6,0.05,5,0.7,0.7,0.0,0.1,0.5,8.1599,0.743,0.049,0.9181,0.0198,0.6007,0.8067,0.4845,0.8769,0.7378,0.9118,0.6067,0.8014,0.4881,0.8764,0.8668
T_accel_grid_057,config_c_accel,16,"Accel: depth=6, lr=0.08, n_est=200",200,6,0.08,1,1.0,0.7,0.5,0.1,0.5,5.44,0.7422,0.0451,0.9154,0.0212,0.6459,0.7419,0.579,0.9233,0.7372,0.9082,0.6511,0.7352,0.5842,0.923,0.899
T_accel_grid_058,config_c_accel,16,"Accel: depth=6, lr=0.1, n_est=150",150,6,0.1,3,0.8,1.0,0.1,0.1,1.0,5.44,0.7402,0.0462,0.9154,0.0203,0.6404,0.7442,0.569,0.92,0.7354,0.9091,0.6464,0.7383,0.5748,0.9197,0.8964
T_accel_grid_059,config_c_accel,16,"Accel: depth=7, lr=0.05, n_est=250",250,7,0.05,1,0.8,1.0,0.1,0.05,0.5,5.44,0.7443,0.0421,0.9164,0.0207,0.6573,0.7268,0.6073,0.9334,0.7386,0.9095,0.6622,0.7198,0.6132,0.9332,0.9059
T_accel_grid_060,config_c_accel,16,"Accel: depth=7, lr=0.08, n_est=100",100,7,0.08,5,0.7,0.7,0.1,0.5,0.5,8.1599,0.7424,0.0476,0.9179,0.0204,0.6135,0.7866,0.5097,0.8921,0.7363,0.9113,0.6199,0.78,0.5143,0.8917,0.8774
